дата,название,статус документа,авторы,date,year,cleaned_name,category
21.03.2025,"ССИПТОУСАОЦБИ ИЯЗХМЕРЕНИЯ ВРЕМЕНИ
ЖИЗНИ ВОЗБУЖДЕННЫХ
СОСТОЯНИЙ ЯДЕР С ПОМОЩЬЮ
4Π-СЦИНТИЛЛЯЦИОННОГО
ОДНОКРИСТАЛЬНОГО
ВРЕМЕННОГО СПЕКТРОМЕТРА
БЫСТРЫХ И ЗАДЕРЖАННЫХ
СОВПАДЕНИЙ",Заявка,"['Морозов\nВладимир\nАлександрович', 'Морозова\nНаталья\nВладимировна']",2025-03-21,2025,ссиптоусаоцби иязхмерения времени жизни возбужденных состояний ядер помощью 4π-сцинтилляционного однокристального временного спектрометра быстрых задержанных совпадений,Детекторы нейтронов и частиц
08.10.2024,"СПОСОБ ПОЛУЧЕНИЯ НЕЙТРОНОВ
ПРИ ПОМОЩИ ИМПУЛЬСНОГО
НЕЙТРОННОГО ГЕНЕРАТОРА",Заявка,['Доля Сергей\nНиколаевич'],2024-10-08,2024,способ получения нейтронов при помощи импульсного нейтронного генератора,Измерительные системы и диагностика
08.11.2024,"УСТРОЙСТВО ДЛЯ ОХЛАЖДЕНИЯ
БИОЛОГИЧЕСКИХ ОБРАЗЦОВ",действует,"['Белокопытова\nКсения\nВячеславова', 'Агапрв Алексей\nВалерьевич', 'Мицын Геннадий\nВалентинонович', 'Белов Олег\nВалерьевич']",2024-11-08,2024,устройство для охлаждения биологических образцов,
08.10.2024,"СПОСОБ ИЗГОТОВЛЕНИЯ
АНИЗОТРОПНОЙ ПОРИСТОЙ
ПЛЕНКИ ИЗ ДИЭЛЕКТРИЧЕСКОГО
МАТЕРИАЛА И АНИЗОТРОПНАЯ
ПЛЕНКА ИЗ ДИЭЛЕКТРИЧЕСКОГО
МАТЕРИАЛА",действует,"['Апель Павел\nЮрьевич', 'Дмитриев\nНиколай\nСергеевич', 'Нечаев\nАлександр\nНиколаевич', 'Полежаева\nОльга\nАнатольевна', 'Иванов Олег\nМихайлович']",2024-10-08,2024,способ изготовления анизотропной пористой пленки диэлектрического материала анизотропная пленка диэлектрического материала,Сверхпроводимость и магнитные системы
16.09.2024,"УСТРОЙСТВО ДЛЯ ИЗВЛЕЧЕНИЯ
ОТОРВАВШЕГОСЯ ДВИГАТЕЛЯ
ЭЛЕКТРОНАСОСА ИЗ
АРТЕЗИАНСКОЙ СКВАЖИНЫ",Заявка,['Дубовской\nЕвгений\nКонстантинович'],2024-09-16,2024,устройство для извлечения оторвавшегося двигателя электронасоса артезианской скважины,Измерительные системы и диагностика
18.07.2024,"СПОСОБ ВЫВОДА УСКОРЕННОГО
ПУЧКА ПОЛОЖИТЕЛЬНО
ЗАРЯЖЕННЫХ ЧАСТИЦ ИЗ
ЦИКЛОТРОНА",действует,"['Иваненко Иван\nАнатольевич', 'Гульбекян\nГеоргий\nГерасимович']",2024-07-18,2024,способ вывода ускоренного пучка положительно заряженных частиц циклотрона,Ускорители частиц и системы фокусировки
03.05.2024,"ФИЛЬТРУЮЩИЙ ПОРИСТЫЙ
МАТЕРИАЛ ДЛЯ СЕЛЕКТИВНОГО
ВЫДЕЛЕНИЯ И
КОНЦЕНТРИРОВАНИЯ
ВНЕКЛЕТОЧНЫХ НУКЛЕИНОВЫХ
КИСЛОТ ИЗ РАСТВОРОВ",действует,"['Кравченко Елена\nВладимировна', 'Апель Павел\nЮрьевич', 'Нечаев\nАлександр\nНиколаевич', 'Андреев\nЕвгений\nВалерьевич', 'Зарубин Михаил\nПавлович']",2024-05-03,2024,фильтрующий пористый материал для селективного выделения концентрирования внеклеточных нуклеиновых кислот растворов,Мембранные и фильтрующие технологии
02.05.2024,"СПОСОБ ИМПУЛЬСНОГО НАПУСКА
И ЗАПИРАНИЯ НЕЙТРОНОВ В
КОЛЬЦЕВОМ НАКОПИТЕЛЕ
НЕЙТРОНОВ",действует,"['Никитенко Юрий\nВасильевич', 'Колупаев\nЕвгений\nДмитриевич', 'Журавлев\nВалерий\nВасильевич']",2024-05-02,2024,способ импульсного напуска запирания нейтронов кольцевом накопителе нейтронов,Измерительные системы и диагностика
31.01.2024,"СПОСОБ ИЗГОТОВЛЕНИЯ
СОЕДИНЕНИЯ
ВЫСОКОТЕМПЕРАТУРНЫХ
СВЕРХПРОВОДЯЩИХ КАБЕЛЕЙ",действует,"['Шемчук Андрей\nВасильевич', 'Ильин Максим\nВалерьевич', 'Новиков Михаил\nСтаниславович']",2024-01-31,2024,способ изготовления соединения высокотемпературных сверхпроводящих кабелей,Сверхпроводимость и магнитные системы
29.01.2024,"СПОСОБ ИЗГОТОВЛЕНИЯ
СВЕТООТРАЖАТЕЛЯ",действует,"['Смолянский\nАлександр\nСергеевич*', 'Белов Олег\nВалерьевич', 'Кирюхин Дмитрий\nПавлович**', 'Куш Павел\nПрокофьевич**', 'Рындя Сергей\nМихайлович***', 'Полуние Кирилл\nСергеевич*', 'Кошкина Ольга\nАлексеевна*', 'Трахтенберг\nЛеонид\nИзрайлевич*']",2024-01-29,2024,способ изготовления светоотражателя,Сверхпроводимость и магнитные системы
02.10.2023,"ПОЗИЦИОННО-ЧУВСТВИТЕЛЬНЫЙ
ДЕТЕКТОР ТЕПЛОВЫХ И
ХОЛОДНЫХ НЕЙТРОНОВ НА
ОСНОВЕ ПЛОСКОПАРАЛЛЕЛЬНОЙ
РЕЗИСТИВНОЙ КАМЕРЫ",действует,"['Петрова Мария\nОлеговна', 'Богдзель\nАндрей\nАлексеевич', 'Боднарчук Виктор\nИванови', 'Даулбаев Олжас', 'Милков Васил\nМихайлов', 'Курилкин Алексей\nКонстантинович', 'Булатов\nКонстантин\nВалерьевич', 'Дмитриев\nАлександр\nВладимирович', 'Бабкин\nВадим\nАндреевич', 'Румянцев\nМихаил\nМихайлович']",2023-10-02,2023,позиционно-чувствительный детектор тепловых холодных нейтронов основе плоскопараллельной резистивной камеры,Детекторы нейтронов и частиц
02.10.2023,"ПОЗИЦИОННО-ЧУВСТВИТЕЛЬНЫЙ
ДЕТЕКТОР ТЕПЛОВЫХ И
ХОЛОДНЫХ НЕЙТРОНОВ ОТ
КОМПАКТНОГО ИССЛЕДУЕМОГО
ОБРАЗЦА",действует,"['Колесников\nАлександр\nГеоргиевич', 'Залиханов\nБорис\nЖанакаитович', 'Боднарчук Виктор\nИванович']",2023-10-02,2023,позиционно-чувствительный детектор тепловых холодных нейтронов компактного исследуемого образца,Детекторы нейтронов и частиц
22.09.2023,"ПОЛУПРОВОДНИКОВЫЙ
ЛАВИННЫЙ ДЕТЕКТОР",действует,"['Садыгов\nЗираддин Ягуб-\nоглы', 'Замятин\nНиколай\nИванович', 'Акберов Рамиль\nАладдин оглы', 'Бокова Татьяна\nЮрьевна', 'Ахмадов Фарид\nИбрагим оглы', 'Садыгов Азер\nЗираддин-оглы']",2023-09-22,2023,полупроводниковый лавинный детектор,Детекторы нейтронов и частиц
19.06.2023,"УСТРОЙСТВО ДЛЯ ИЗМЕРЕНИЯ
УГЛА НАКЛОНА",действует,['Ляблин Михаил\nВасильевич'],2023-06-19,2023,устройство для измерения угла наклона,Измерительные системы и диагностика
02.05.2023,"УСТРОЙСТВО ДЛЯ ИЗМЕРЕНИЯ
УГЛА НАКЛОНА",действует,['Ляблин Михаил\nВасильевич'],2023-05-02,2023,устройство для измерения угла наклона,Измерительные системы и диагностика
13.02.2023,"КОМПАКТНЫЙ НИЗКОФОНОВЫЙ
СЧЕТЧИК НЕЙТРОНОВ НА ОСНОВЕ
ГЕЛИЙ-3",действует,"['Евсеев Сергей\nАлександрович', 'Емельянов\nАндрей\nНиколаевич', 'Камнев Илья\nИльич', 'Розов Сергей\nВладимирович', 'Якушев Евгений\nАлександрович']",2023-02-13,2023,компактный низкофоновый счетчик нейтронов основе гелий-3,Измерительные системы и диагностика
27.01.2023,"УСТРОЙСТВО МОНИТОРИНГА
ПЕРЕИЗЛУЧАЮЩЕЙ
СПОСОБНОСТИ
СПЕКТРОСМЕЩАЮЩЕГО
ОПТИЧЕСКОГО ВОЛОКНА",действует,"['Петрова Мария\nОлеговна', 'Подлесный\nМаксим\nМихайлович', 'Милков Васил\nМихайлов']",2023-01-27,2023,устройство мониторинга переизлучающей способности спектросмещающего оптического волокна,Измерительные системы и диагностика
10.01.2023,"СПОСОБ СБОРКИ СУПЕРМОДУЛЕЙ
ДЛЯ ДЕТЕКТИРОВАНИЯ
ИОНИЗИРУЮЩЕГО ИЗЛУЧЕНИЯ",действует,"['Елша Владимир\nВладимирович', 'Дементьев\nДмитрий\nВладимирович', 'Шереметьев\nАлексей\nДмитриевич', 'Воронин\nАлексей\nЛеонидович', 'Мурин Юрий\nАндреевич']",2023-01-10,2023,способ сборки супермодулей для детектирования ионизирующего излучения,Измерительные системы и диагностика
29.11.2022,"КОЛЬЦЕВОЙ НАКОПИТЕЛЬ
НЕЙТРОНОВ",действует,"['Никитенко Юрий\nВасильевич', 'Аксенов Виктор\nЛазаревич']",2022-11-29,2022,кольцевой накопитель нейтронов,Измерительные системы и диагностика
15.11.2022,"ПОЗИЦИОННО-ЧУВСТВИТЕЛЬНЫЙ
ГАЗОВЫЙ ДЕТЕКТОР ТЕПЛОВЫХ И
ХОЛОДНЫХ НЕЙТРОНОВ",действует,"['Колесников\nАлександр\nГеоргиевич', 'Залиханов\nБорис\nЖанакаитович', 'Боднарчук Виктор\nИванович', 'Крюков Юрий\nАлексеевич']",2022-11-15,2022,позиционно-чувствительный газовый детектор тепловых холодных нейтронов,Детекторы нейтронов и частиц
07.11.2022,"ТЕЛЛУРСОДЕРЖАЩИЙ ЖИДКИЙ
СЦИНТИЛЛЯТОР",действует,"['Немченок Игорь\nБорисович', 'Суслов Иван\nАндреевич', 'Быстряков Артем\nДмитриевич']",2022-11-07,2022,теллурсодержащий жидкий сцинтиллятор,Оптические и лазерные системы
18.08.2022,"СПОСОБ ОПРЕДЕЛЕНИЯ
ПОВЫШЕННОЙ ЭФФЕКТИВНОСТИ
ДЕЙСТВИЯ ПРОТОННОЙ ТЕРАПИИ
НА СТВОЛОВЫЕ КЛЕТКИ
МЕЛАНОМЫ",действует,"['Матчук Ольга\nНиколаевна', 'Борейко Алла\nВладимировна', 'Бугай Александр\nНиколаевич', 'Замулаева\nИрина\nАлександровна', 'Каприн Андрей\nДмитриевич', 'Корякин Сергей\nНиколаевич', 'Красавин\nЕвгений\nАлександрович', 'Мосина Вера\nАлексеевна', 'Селиванова\nЕлена\nИвановна', 'Соловьев\nАлексей\nНиколаевич', 'Чаусов\nВладимир\nНиколаевич']",2022-08-18,2022,способ определения повышенной эффективности действия протонной терапии стволовые клетки меланомы,Измерительные системы и диагностика
25.07.2022,"УСТРОЙСТВО ДЛЯ
ДЕТЕКТИРОВАНИЯ ТВЕРДЫХ
ФРАГМЕНТОВ СФЕРИЧЕСКОЙ
ФОРМЫ ШАРИКОВОГО
ХОЛОДНОГО ЗАМЕДЛИТЕЛЯ
НЕЙТРОНОВ",действует,"['Галушко Алексей\nВикторович', 'Булавин Максим\nВикторович', 'Ыскаков Алмас', 'Мухин\nКонстантин\nАлександрович', 'Скуратов\nВиталий\nАлексеевич', 'Смелянский Иван\nАлександрович']",2022-07-25,2022,устройство для детектирования твердых фрагментов сферической формы шарикового холодного замедлителя нейтронов,
12.07.2022,"УСТРОЙСТВО ДЛЯ ПОЛУЧЕНИЯ
УЛЬТРАХОЛОДНЫХ НЕЙТРОНОВ.",действует,['Доля Сергей\nНиколаевич'],2022-07-12,2022,устройство для получения ультрахолодных нейтронов.,Измерительные системы и диагностика
30.06.2022,"ТЕПЛОПРОВОДЯЩАЯ ПАНЕЛЬ ДЛЯ
ЖИДКОСТНЫХ СИСТЕМ
ОХЛАЖДЕНИЯ ДЕТЕКТОРНЫХ
МОДУЛЕЙ И СПОСОБ ЕЕ
ИЗГОТОВЛЕНИЯ",действует,"['Лыгденова Туяна\nЗоригтоевна', 'Воронин\nАлексей\nЛеонидович', 'Жеребчевский\nВладимир\nИосифович', 'Иголкин Сергей\nНиколаевич', 'Мурин Юрий\nАндреевич', 'Феофилов\nГригорий\nАлександрович']",2022-06-30,2022,теплопроводящая панель для жидкостных систем охлаждения детекторных модулей способ изготовления,Сверхпроводимость и магнитные системы
23.05.2022,"УСТРОЙСТВО ДЛЯ ПОЛУЧЕНИЯ
ХОЛОДНЫХ И УЛЬТРАХОЛОДНЫХ
НЕЙТРОНОВ.",действует,"['Доля Сергей\nНиколаевич', 'Никитенко Юрий\nВасильевич']",2022-05-23,2022,устройство для получения холодных ультрахолодных нейтронов.,Измерительные системы и диагностика
28.02.2022,"СПОСОБ ИНЖЕКЦИИ ПОТОКА
ВЕЩЕСТВА В ПЛАЗМУ ИСТОЧНИКА
МНОГОРАЗРЯДНЫХ ИОНОВ",действует,"['Миронов\nВладимир\nЕвгеньевич', 'Богомолов\nСергей\nЛеопольдович', 'Ефремов Андрей\nАлександрович', 'Пугачев\nДмитрий\nКонстантинович']",2022-02-28,2022,способ инжекции потока вещества плазму источника многоразрядных ионов,Измерительные системы и диагностика
30.11.2021,"УСТРОЙCТВО ДЛЯ ИЗМЕРЕНИЯ
УГЛА НАКЛОНА",Заявка,"['Будагов Юлиан\nАрамович', 'Ляблин Михаил\nВасильевич']",2021-11-30,2021,устройcтво для измерения угла наклона,Измерительные системы и диагностика
05.10.2021,"СПОСОБ ИЗГОТОВЛЕНИЯ ПЛОСКО
ПАРАЛЛЕЛЬНОЙ ОПТИЧЕСКОЙ
ПЛАСТИНЫ",Заявка,"['Будагов Юлиан\nАрамович', 'Ляблин Михаил\nВасильевич']",2021-10-05,2021,способ изготовления плоско параллельной оптической пластины,Сверхпроводимость и магнитные системы
14.09.2021,"УСТРОЙСТВО ДЛЯ
РЕЗОНАНСНОГО ЗАРЯДА
КОНДЕНСАТОРА",действует,"['Доля Сергей\nНиколаевич', 'Смирнов Виктор\nИванович']",2021-09-14,2021,устройство для резонансного заряда конденсатора,Измерительные системы и диагностика
14.09.2021,"КОМПАКТНЫЙ
СВЕРХПРОВОДЯЩИЙ ЦИКЛОТРОН
ДЛЯ ПРОТОННОЙ ТЕРАПИИ
ПУЧКАМИ СО СВЕРХВЫСОКОЙ
МОЩНОСТЬЮ ДОЗЫ (ФЛЕШ)",действует,"['Карамышев Олег\nВладимирович', 'Карамышева\nГалина\nАеатольевна', 'Ляпин Иван\nДмитриевич', 'Малинин\nВладимир\nАлександрович', 'Попов Дмитрий\nВсеволодович', 'Трубников\nГригорий\nВладимирович', 'Ширков\nГригорий\nДмитриевич', 'Ширков Степан\nГригорьевич']",2021-09-14,2021,компактный сверхпроводящий циклотрон для протонной терапии пучками сверхвысокой мощностью дозы (флеш),Оптические и лазерные системы
14.09.2021,"СПОСОБ ЭКСПРЕСС-АНАЛИЗА
ИНГИБИРОВАНИЯ ЖИВЫХ
БЕЛКОВЫХ МОЛЕКУЛ",действует,['Доля Сергей\nНиколаевич'],2021-09-14,2021,способ экспресс-анализа ингибирования живых белковых молекул,Измерительные системы и диагностика
29.06.2021,"СПОСОБ РЕГУЛИРОВАНИЯ ДОЗЫ,
ПОГЛОЩАЕМОЙ
ЗЛОКАЧЕСТВЕННОЙ ОПУХОЛЬЮ, В
ПРОТОННОЙ ФЛЭШ ТЕРАПИИ",Заявка,['Доля Сергей\nНиколаевич'],2021-06-29,2021,"способ регулирования дозы, поглощаемой злокачественной опухолью, протонной флэш терапии",Оптические и лазерные системы
28.06.2021,"НАКОПИТЕЛЬ ХОЛОДНЫХ
НЕЙТРОНОВ",действует,['Никитенко Юрий\nВасильевич'],2021-06-28,2021,накопитель холодных нейтронов,Измерительные системы и диагностика
21.06.2021,"СПОСОБ РЕГУЛИРОВАНИЯ ДОЗЫ,
ПОГЛОЩЕННОЙ
ЗЛОКАЧЕСТВЕННОЙ ОПУХОЛЬЮ В
ПРОТОННОЙ ФЛЭШ ТЕРАПИИ",Заявка,"['Доля Сергей\nНиколаевич', 'Смирнов Виктор\nИванович']",2021-06-21,2021,"способ регулирования дозы, поглощенной злокачественной опухолью протонной флэш терапии",Оптические и лазерные системы
26.04.2021,"CПОСОБ ИЗМЕНЕНИЯ КОНЕЧНОЙ
ЭНЕРГИИ ПРОТОННОГО ПУЧКА,
ИСПОЛЬЗУЕМОГО ДЛЯ ФЛЭШ-
ТЕРАПИИ",действует,"['Доля Сергей\nНиколаевич', 'Смирнов Виктор\nИванович']",2021-04-26,2021,"cпособ изменения конечной энергии протонного пучка, используемого для флэш- терапии",Оптические и лазерные системы
26.04.2021,"УСТРОЙСТВО ДЛЯ
ФОРМИРОВАНИЯ
ПИЛООБРАЗНОГО НАПРЯЖЕНИЯ
НА КОНДЕНСАТОРЕ",действует,"['Доля Сергей\nНиколаевич', 'Смирнов Виктор\nИванович']",2021-04-26,2021,устройство для формирования пилообразного напряжения конденсаторе,Измерительные системы и диагностика
29.03.2021,"СПОСОБ ПОЗИЦИОНИРОВАНИЯ
СЦИНТИЛЛЯЦИОННЫХ ЯЧЕЕК В
СЕГМЕНТИРОВАННЫХ
ДЕТЕКТОРАХ И УСТРОЙСТВО ДЛЯ
ЕГО ОСУЩЕСТВЛЕНИЯ",действует,"['Афанасьев\nСергей\nВладимирович', 'Голунов\nАлександр\nОлегович', 'Горбунов\nНиколай\nВасильевич', 'Ершов Юрий\nВладимирович']",2021-03-29,2021,способ позиционирования сцинтилляционных ячеек сегментированных детекторах устройство для его осуществления,Измерительные системы и диагностика
11.03.2021,"СПОСОБ ИЗМЕРЕНИЯ
ВЕРОЯТНОСТИ ПОГЛОЩЕНИЯ
НЕЙТРОНОВ ПРИ ИХ
ПОДБАРЬЕРНОМ ОТРАЖЕНИИ ОТ
ПОВЕРХНОСТИ И СТРУКТУРА ДЛЯ
ЕГО ОСУЩЕСТВЛЕНИЯ",действует,['Никитенко Юрий\nВасильевич'],2021-03-11,2021,способ измерения вероятности поглощения нейтронов при подбарьерном отражении поверхности структура для его осуществления,Измерительные системы и диагностика
05.03.2021,"УСТРОЙСТВО МОДЕЛИРОВАНИЯ
НА ПУЧКАХ ТЯЖЕЛЫХ ИОНОВ
ВЫСОКОЙ ЭНЕРГИИ ПОЛЕЙ
СМЕШАННОГО ИЗЛУЧЕНИЯ ДЛЯ
ЦЕЛЕЙ ЭКСПЕРИМЕНТАЛЬНОЙ
РАДИОЛОГИИ",действует,"['Тимошенко\nГеннадий\nНиколаевич', 'Гордеев Иван\nСергеевич']",2021-03-05,2021,устройство моделирования пучках тяжелых ионов высокой энергии полей смешанного излучения для целей экспериментальной радиологии,Измерительные системы и диагностика
08.02.2021,"КАРКАС ДЛЯ
СВЕРХПРОВОДЯЩЕГО
СОЛЕНОИДА",действует,"['Новиков Михаил\nСтаниславов', 'Ходжибагиян\nГамлет\nГеоргиевич', 'Заславский\nМаксим\nЕвгеньевич']",2021-02-08,2021,каркас для сверхпроводящего соленоида,Измерительные системы и диагностика
06.11.2020,"СПОСОБ ИЗМЕРЕНИЯ
ИНТЕНСИВНОСТИ
РАДИАЦИОННОГО ИЗЛУЧЕНИЯ
НЕИЗВЕСТНОГО СОСТАВА",действует,"['Шелков Георгий\nАлександрович', 'Расторгуев\nДаниил\nДмитриевич', 'Рожков\nВладислав\nАндреевич', 'Черепанова\nЕлизавета\nАлексеевна']",2020-11-06,2020,способ измерения интенсивности радиационного излучения неизвестного состава,Измерительные системы и диагностика
19.08.2020,"СПОСОБ ОПРЕДЕЛЕНИЯ НАЛИЧИЯ
ГЕНЕТИЧЕСКОЙ
ПРЕДРАСПОЛОЖЕННОСТИ К
ДОЛГОЛЕТИЮ ЧЕЛОВЕКА",действует,"['Иванова\nАнастасия\nЕвгеньевна', 'Кравченко Елена\nВладимировна']",2020-08-19,2020,способ определения наличия генетической предрасположенности долголетию человека,Измерительные системы и диагностика
19.08.2020,ЛАЗЕРНЫЙ ИНКЛИНОМЕТР,действует,"['Будагов Юлиан\nАрамович', 'Ляблин Михаил\nВасильевич']",2020-08-19,2020,лазерный инклинометр,Оптические и лазерные системы
20.07.2020,"МЕХАНИЧЕСКИЙ ФИЛЬТР
НЕЙТРОННОГО ПУЧКА С
ВРЕМЕННОЙ ФОКУСИРОВКОЙ",действует,"['Садилов\nВалентин\nВикторович', 'Боднарчук\nВиктор Иванович']",2020-07-20,2020,механический фильтр нейтронного пучка временной фокусировкой,Оптические и лазерные системы
20.07.2020,СЦИНТИЛЛЯЦИОННЫЙ ДЕТЕКТОР,действует,"['Афанасьев\nСергей\nВладимирович', 'Бояринцеа\nАндрей Юрьевич', 'Голунов\nАлександр\nОлегович', 'Голутвин Игорь\nАнатольевич', 'Горбунов\nНиколай\nВасильевич', 'Гринев Борис\nВикторович', 'Ершов Юрий\nВладимирович.', 'Малахов\nАлександр\nИванович', 'Смирнов\nВиталий\nАнатольевич', 'Сухов\nЕвгений\nВикторович', 'Устинов\nВалентин\nВалерьевич']",2020-07-20,2020,сцинтилляционный детектор,Детекторы нейтронов и частиц
20.07.2020,"СПОСОБ АНАЛИЗА АТОМНОГО
СОСТАВА ДИСПЕРСНЫХ
ПОРОШКОВЫХ МАТЕРИАЛОВ",действует,"['Шаляпин\nВалерий\nНиколаевич', 'Тютюнников\nСергей\nИванович', 'Артюх Владимир\nАнатольевич']",2020-07-20,2020,способ анализа атомного состава дисперсных порошковых материалов,Системы детектирования и анализа материалов
29.06.2020,"ЛАЗЕРНЫЙ ИНКЛИНОМЕТР ДЛЯ
ДЛИТЕЛЬНОЙ РЕГИСТРАЦИИ
УГЛОВЫХ НАКЛОНОВ ЗЕМНОЙ
ПОВЕРХНОСТИ",действует,"['Будагов Юлиан\nАрамович', 'Ляблин Михаил\nВасильевич']",2020-06-29,2020,лазерный инклинометр для длительной регистрации угловых наклонов земной поверхности,Оптические и лазерные системы
24.03.2020,"УСТРОЙСТВО ДЛЯ
РЕЗОНАНСНОГО ЗАРЯДА
КОНДЕНСАТОРА",действует,"['Доля Сергей\nНиколаевич', 'Смирнов Виктор\nИванович']",2020-03-24,2020,устройство для резонансного заряда конденсатора,Измерительные системы и диагностика
11.02.2020,"УСТРОЙСТВО ДЛЯ ИЗМЕРЕНИЯ
УГЛОВ НАКЛОНА ПОВЕРХНОСТИ",действует,"['Будагов Юлиан\nАрамович', 'Ляблин Михаил\nВасильевич']",2020-02-11,2020,устройство для измерения углов наклона поверхности,Измерительные системы и диагностика
05.11.2019,"ТВЕРДОТЕЛЬНЫЙ КОНДЕНСАТОР-
ИОНИСТОР С ДИЭЛЕКТРИЧЕСКИМ
СЛОЕМ, ВЫПОЛНЕННЫМ ИЗ
НАНОПОРОШКА ДИЭЛЕКТРИКА",действует,"['Дорошкевич\nАлександр\nСергеевич', 'Шило Артем\nВладимирович', 'Зеленяк Татьяна\nЮрьевна', 'Константинова\nТатьяна\nЕвгеньевна', 'Любчик Андрей\nИгоревич', 'Татаринова Алиса\nАлександровна', 'Гридина\nЕлизавета\nАлексеевна', 'Дорошкевич\nНеля\nВикторовна']",2019-11-05,2019,"твердотельный конденсатор- ионистор диэлектрическим слоем, выполненным нанопорошка диэлектрика",Оптические и лазерные системы
04.07.2019,"СПОСОБ ПРОГНОЗИРОВАНИЯ
РИСКА ЗАБОЛЕВАНИЙ,
СВЯЗАННЫХ С УРОВНЕМ
ИММУНОГЛОБУЛИНА Е(IgE) В
СЫВОРОТКЕ КРОВИ ЧЕЛОВЕКА",действует,"['Иванова\nАнастасия\nЕвгеньевна', 'Русакович Артем\nНиколаевич', 'Кравченко Елена\nВладимировна']",2019-07-04,2019,"способ прогнозирования риска заболеваний, связанных уровнем иммуноглобулина е(ige) сыворотке крови человека",Измерительные системы и диагностика
11.03.2019,"МАГНИТНАЯ СИСТЕМА
ИНДУКЦИОННОГО СИНХРОТРОНА
С ПОСТОЯННЫМ ВО ВРЕМЕНИ
МАГНИТНЫМ ПОЛЕМ",действует,['Долбилов\nГеннадий\nВарламович'],2019-03-11,2019,магнитная система индукционного синхротрона постоянным времени магнитным полем,Оптические и лазерные системы
04.02.2019,"СПОСОБ ФОРМИРОВАНИЯ
РАВНОВЕСНЫХ ТРАЕКТОРИЙ
ЧАСТИЦ В ЦИКЛИЧЕСКОМ
УСКОРИТЕЛЕ С ПОСТОЯННЫМ
РАДИУСОМ ОРБИТЫ",действует,['Долбилов\nГеннадий\nВарламович'],2019-02-04,2019,способ формирования равновесных траекторий частиц циклическом ускорителе постоянным радиусом орбиты,Измерительные системы и диагностика
23.01.2019,"СВЕРХПРОВОДЯЩИЙ
КОМПАКТНЫЙ ИЗОХРОННЫЙ
ЦИКЛОТРОН",действует,"['Бунятов Карен\nСтепанович', 'Ширков Степан\nГригорьевич', 'Ширков Григорий\nДмитриевич', 'Карамышева\nГалина\nАнатольевна', 'Карамышев\nОлег\nВладимирович', 'Малинин\nВладимир\nАлександрович', 'Гурский Семен\nВладимирович', 'Попов Дмитрий\nВсеволодович']",2019-01-23,2019,сверхпроводящий компактный изохронный циклотрон,Оптические и лазерные системы
16.11.2018,"СПОСОБ ПОВЫШЕНИЯ ЧАСТОТЫ
ОБРАЗОВАНИЯ ДВУНИТЕВЫХ
РАЗРЫВОВ ДНК В КЛЕТКАХ
ЧЕЛОВЕКА ПРИ ДЕЙСТВИИ
ИОНИЗИРУЮЩИХ ИЗЛУЧЕНИЙ В
УСЛОВИЯХ ВЛИЯНИЯ",действует,"['Красавин\nЕвгений\nАлександрович', 'Борейко Алла\nВладимировна', 'Куликова Е А', 'Буланова Т С', 'Тимошенко\nГеннадий\nНиколаевич', 'Чаусов Владимир\nНиколаевич']",2018-11-16,2018,способ повышения частоты образования двунитевых разрывов днк клетках человека при действии ионизирующих излучений условиях влияния,Детекторы нейтронов и частиц
25.09.2018,"РАДИОМОДИФИКАТОРОВ
УСТРОЙСТВО ДЛЯ
ИССЛЕДОВАНИЯ СТРОУ-ТРУБКИ
КООРДИНАТНОГО ДЕТЕКТОРА
ЧАСТИЦ",действует,"['Волков\nАлександр\nДмитриевич', 'Кравченко\nМихаил\nДмитриевич', 'Павлов Алексей\nВикторович']",2018-09-25,2018,радиомодификаторов устройство для исследования строу-трубки координатного детектора частиц,Детекторы нейтронов и частиц
11.09.2018,"ГИБРИДНЫЙ ПИКСЕЛЬНЫЙ
ДЕТЕКТОР ИОНИЗИРУЮЩИХ
ИЗЛУЧЕНИЙ",действует,"['Кожевников\nДанила\nАлександрович', 'Шелков Георгий\nАлександрович', 'Смолянский Петр\nИгоревич']",2018-09-11,2018,гибридный пиксельный детектор ионизирующих излучений,Детекторы нейтронов и частиц
18.06.2018,"СПОСОБ МОДЕЛИРОВАНИЯ
ХИМИЧЕСКОГО ПОВЕДЕНИЯ
АТОМОВ СВЕРХТЯЖЕЛЫХ
ЭЛЕМЕНТОВ",действует,['Доманов\nВладимир\nПантелеймонови\nч'],2018-06-18,2018,способ моделирования химического поведения атомов сверхтяжелых элементов,Измерительные системы и диагностика
22.05.2018,"УСТРОЙСТВО ДЛЯ НАБЛЮДЕНИЯ
СОЛНЕЧНОЙ КОРОНЫ",действует,['Бородин Артур\nНиколаевич'],2018-05-22,2018,устройство для наблюдения солнечной короны,Измерительные системы и диагностика
12.03.2018,"УСТРОЙСТВО ДЛЯ ВЫВОДА
ЗАРЯЖЕННЫХ ЧАСТИЦ ИЗ
ЦИКЛИЧЕСКОГО УСКОРИТЕЛЯ",действует,['Долбилов\nГеннадий\nВарламович'],2018-03-12,2018,устройство для вывода заряженных частиц циклического ускорителя,Ускорители частиц и системы фокусировки
12.03.2018,"ГАЗОНАПОЛНЕННЫЙ ДЕТЕКТОР
ДЛЯ ИЗМЕРЕНИЯ МАЛОУГЛОВОГО
РАССЕЯНИЯ ТЕПЛОВЫХ
НЕЙТРОНОВ",действует,"['Богдзель Андрей\nАлексеевич', 'Милков Васил\nМихайлов', 'Пантелеев\nЦветан Ценов']",2018-03-12,2018,газонаполненный детектор для измерения малоуглового рассеяния тепловых нейтронов,Детекторы нейтронов и частиц
27.12.2017,"СПОСОБ АНАЛИЗА АТОМНОГО
СОСТАВА ОРГАНИЧЕСКИХ
ВЕЩЕСТВ И УСТРОЙСТВО ДЛЯ
ЕГО ОСУЩЕСТВЛЕНИЯ",действует,"['Тютюнников\nСергей Иванович', 'Шаляпин\nВалерий\nНиколаевич']",2017-12-27,2017,способ анализа атомного состава органических веществ устройство для его осуществления,Системы детектирования и анализа материалов
27.12.2017,"ПЛАНАРНЫЙ
ПОЛУПРОВОДНИКОВЫЙ ДЕТЕКТОР",действует,"['Шелков Георгий\nАлександрович', 'Кожевников\nДанила\nАлександрович', 'Смолянский Петр\nИгоревич', 'Котов Сергей\nАнатольевич', 'Кручонок\nВладимир\nГеннадьевич', 'Жемчугов\nАлексей\nСергеевич', 'Лейва Фабело\nАнтонио']",2017-12-27,2017,планарный полупроводниковый детектор,Детекторы нейтронов и частиц
27.09.2017,"СПОСОБ ПРОФИЛАКТИКИ
СНИЖЕНИЯ МЫШЕЧНОЙ СИЛЫ
ПРИ ОСТРОЙ ЛУЧЕВОЙ БОЛЕЗНИ
В ЭКСПЕРИМЕНТЕ",действует,"['Иванов\nАлександр\nАлександрович', 'Красавин\nЕвгений\nАлександрович', 'Ляхова Кристина\nНиколаевна', 'Северюхин\nЮрий Сергеевич', 'Молоканов\nАлександр\nГригорьевич']",2017-09-27,2017,способ профилактики снижения мышечной силы при острой лучевой болезни эксперименте,Оптические и лазерные системы
18.07.2017,"СПОСОБ МЕДЛЕННОГО ВЫВОДА
ПУЧКА ЗАРЯЖЕННЫХ ЧАСТИЦ ИЗ
ЦИКЛИЧЕСКОГО УСКОРИТЕЛЯ",действует,['Долбилов\nГеннадий\nВарламович'],2017-07-18,2017,способ медленного вывода пучка заряженных частиц циклического ускорителя,Ускорители частиц и системы фокусировки
03.07.2017,"ЭНЕРГОНЕЗАВИСИМЫЙ
ЗАЩИТНЫЙ КЛАПАН ДЛЯ
ДРЕЙФОВОЙ КАМЕРЫ,
РАБОТАЮЩЕЙ В ВАКУУМЕ",действует,"['Глонти Леван', 'Кекелидзе\nВладимир\nДимитриевич', 'Потребеников\nЮрий\nКонстантинович', 'Самсонов\nВячеслав\nАлександрович', 'Чепурнов\nВладимир\nФедорович']",2017-07-03,2017,"энергонезависимый защитный клапан для дрейфовой камеры, работающей вакууме",Оптические и лазерные системы
05.06.2017,"СПОСОБ ОПРЕДЕЛЕНИЯ
ПРОСТРАНСТВЕННЫХ ПРОФИЛЕЙ
ЯДЕРНОГО И МАГНИТНОГО
ПОТЕНЦИАЛА ВЗАИМОДЕЙСТВИЯ
ПОЛЯРИЗОВАННЫХ НЕЙТРОНОВ
СО СЛОИСТОЙ СТРУКТУРОЙ",действует,"['Никитенко Юрий\nВасильевич', 'Жакетов\nВладимир\nДмитриевич']",2017-06-05,2017,способ определения пространственных профилей ядерного магнитного потенциала взаимодействия поляризованных нейтронов слоистой структурой,Измерительные системы и диагностика
03.04.2017,"СПОСОБ ОПРЕДЕЛЕНИЯ
КОЭФФИЦИЕНТА ПУАССОНА
МАТЕРИАЛА ГЕРМЕТИЧНОЙ
ТОНКОСТЕННОЙ ПОЛИМЕРНОЙ
ТРУБКИ",действует,"['Волков\nАлександр\nДмитриевич', 'Цамалаидзе\nЗвиади']",2017-04-03,2017,способ определения коэффициента пуассона материала герметичной тонкостенной полимерной трубки,Измерительные системы и диагностика
22.12.2016,"ПОЛУПРОВОДНИКОВЫЙ
ПИКСЕЛЬНЫЙ ДЕТЕКТОР
ЗАРЯЖЕННЫХ СИЛЬНО
ИОНИЗИРУЮЩИХ ЧАСТИЦ
(МНОГОЗАРЯДНЫХ ИОНОВ)",действует,"['Шелков Георгий\nАлександрович', 'Кожевников\nДанила\nАлександрович', 'Смолянский Петр\nИгоревич', 'Демичев Михаил\nАндреевич', 'Котов Сергей\nАнатольевич', 'Кручонок\nВладимир\nГеннадьевич', 'Жемчугов\nАлексей\nСергеевич', 'Абдельшакур\nЭль Саид\nМохаммед Абу\nЭльазм']",2016-12-22,2016,полупроводниковый пиксельный детектор заряженных сильно ионизирующих частиц (многозарядных ионов),Детекторы нейтронов и частиц
21.12.2016,"КРИОГЕННОЕ ФЛАНЦЕВОЕ
РАЗЪЁМНОЕ СОЕДИНЕНИЕ ДЛЯ
ШАРИКОВОГО ХОЛОДНОГО
ЗАМЕДЛИТЕЛЯ НЕЙТРОНОВ",действует,"['Мухин\nКонстантин\nАлександрович', 'Кустов\nАлександр\nАнатольевич']",2016-12-21,2016,криогенное фланцевое разъёмное соединение для шарикового холодного замедлителя нейтронов,
15.11.2016,"СПОСОБ ИЗМЕНЕНИЯ
РЕАКТИВНОСТИ В ЯДЕРНЫХ
УСТАНОВКАХ НА БЫСТРЫХ
НЕЙТРОНАХ С
ПОРОГОВО_ДЕЛЯЩИМИСЯ
ИЗОТОПАМИ",действует,"['Шабалин Евгений\nПавлович', 'Комышев Глеб\nГерманович']",2016-11-15,2016,способ изменения реактивности ядерных установках быстрых нейтронах порогово_делящимися изотопами,Ядерные технологии и изотопы
15.06.2016,"СПОСОБ ФОКУСИРОВКИ ПУЧКОВ
ЗАРЯЖЕННЫХ ЧАСТИЦ",действует,['Долбилов\nГеннадий\nВарламович'],2016-06-15,2016,способ фокусировки пучков заряженных частиц,Ускорители частиц и системы фокусировки
15.06.2016,"СПОСОБ МНОГООБОРОТНОЙ
ИНЖЕКЦИИ ЗАРЯЖЕННЫХ ЧАСТИЦ
В ЦИКЛИЧЕСКИЙ УСКОРИТЕЛЬ",действует,['Долбилов\nГеннадий\nВарламович'],2016-06-15,2016,способ многооборотной инжекции заряженных частиц циклический ускоритель,Ускорители частиц и системы фокусировки
15.06.2016,"СПОСОБ МЕДЛЕННОГО ВЫВОДА
ПУЧКА ЗАРЯЖЕННЫХ ЧАСТИЦ",действует,['Долбилов\nГеннадий\nВарламович'],2016-06-15,2016,способ медленного вывода пучка заряженных частиц,Ускорители частиц и системы фокусировки
19.05.2016,"СПОСОБ ПРОФИЛАКТИКИ
НАРУШЕНИЙ НЕВРОЛОГИЧЕСКОГО
СТАТУСА М МЫШЕЧНОГО ТОНУСА
ПРИ ОСТРОЙ ЛУЧЕВОЙ БОЛЕЗНИ
В ЭКСПЕРИМЕНТЕ",действует,"['Иванов\nАлександр\nАлександрович', 'Красавин\nЕвгений\nАлександрович', 'Ляхова Кристина\nНиколаевна', 'Северюхин\nЮрий Сергеевич', 'Молоканов\nАлександр\nГригорьевич']",2016-05-19,2016,способ профилактики нарушений неврологического статуса мышечного тонуса при острой лучевой болезни эксперименте,Оптические и лазерные системы
24.02.2016,"УСТРОЙСТВО ДЛЯ
ЭМИССИОННОГО И МАССОВОГО
СПЕКТРАЛЬНОГО АНАЛИЗА
ОРГАНИЧЕСКИХ ВЕЩЕСТВ",действует,"['Тютюнников\nСергей Иванович', 'Шаляпин\nВалерий\nНиколаевич']",2016-02-24,2016,устройство для эмиссионного массового спектрального анализа органических веществ,Измерительные системы и диагностика
11.08.2015,"ИНДУКЦИОННЫЙ СИНХРОТРОН С
ПОСТОЯННЫМ МАГНИТНЫМ
ПОЛЕМ",действует,['Долбилов\nГеннадий\nВарламович'],2015-08-11,2015,индукционный синхротрон постоянным магнитным полем,Оптические и лазерные системы
10.08.2015,"СПОСОБ НАСТРОЙКИ
ВЫСОКОЧАСТОТНОГО
РЕЗОНАТОРА НА РЕЗОНАНСЕЫЕ
ЧАСТОТЫ С ЗАДАННОЙ
КРАТНОСТЬЮ",действует,['Прохоров Сергей\nВладимирович'],2015-08-10,2015,способ настройки высокочастотного резонатора резонансеые частоты заданной кратностью,Измерительные системы и диагностика
24.07.2015,"СПОСОБ ПОЛУЧЕНИЯ
РАДИОИЗОТОПОВ СЕРЕБРА БЕЗ
НОСИТЕЛЯ",действует,"['Доманов\nВладимир\nПантелеймонови\nч', 'Чинь Тхи Тху Ми']",2015-07-24,2015,способ получения радиоизотопов серебра без носителя,Ядерные технологии и изотопы
24.07.2015,"СПОСОБ СИНХРОННОГО
УСКОРЕНИЯ ЗАРЯЖЕННЫХ
ЧАСТИЦ В ПОСТОЯННОМ",действует,['Долбилов\nГеннадий\nВарламович'],2015-07-24,2015,способ синхронного ускорения заряженных частиц постоянном,Ускорители частиц и системы фокусировки
25.02.2015,"КООРДИНАТНЫЙ
ГАЗОНАПОЛНЕННЫЙ ДЕТЕКТОР","отказ 9-06-
2016","['Жуков Игорь\nАлексеевич', 'Мялковский\nВладимир\nВладимирович', 'Пешехонов\nВладимир\nДмитриевич', 'Савенков\nАндрей\nАндреевич']",2015-02-25,2015,координатный газонаполненный детектор,Детекторы нейтронов и частиц
25.05.2015,"СПОСОБ И УСТРОЙСТВО ДЛЯ
ИЗМЕРЕНИЯ ПРОФИЛЯ
НЕЙТРОННОГО ПУЧКА (ПУЧКОВ)",действует,"['Быстрицкий\nВячеслав\nМихайлович', 'Слепнёв\nВячеслав\nМихайлович', 'Замятин Николай\nИванович']",2015-05-25,2015,способ устройство для измерения профиля нейтронного пучка (пучков),Измерительные системы и диагностика
05.05.2015,"СПОСОБ ИЗМЕРЕНИЯ СПЕКТРА
ПЕРЕДАННОГО ИМПУЛЬСА
НЕЙТРОНОВ",действует,['Никитенко Юрий\nВасильевич'],2015-05-05,2015,способ измерения спектра переданного импульса нейтронов,Измерительные системы и диагностика
17.12.2015,КРИОХИРУРГИЧЕСКИЙ АППАРАТ,"прекратил
действие","['Павлов Валентин\nНиколаевич', 'Семенов\nВячеслав\nЮрьевич']",2015-12-17,2015,криохирургический аппарат,Медицинское оборудование и биотехнологии
04.12.2014,"УСТРОЙСТВО ДЛЯ ИЗМЕРЕНИЯ
УГЛА НАКЛОНА ПЛОСКОСТИ",действует,['Волков\nАлександр\nДмитриевич'],2014-12-04,2014,устройство для измерения угла наклона плоскости,Измерительные системы и диагностика
20.08.2014,"УСТРОЙСТВО ДЛЯ ИЗМЕРЕНИЯ
МЕСТОПОЛОЖЕНИЯ ПРОВОЛОК В
ГАЗОВЫХ ПРОВОЛОЧНЫХ
КАМЕРАХ","прекратил
действие","['Глонти Леван\nНиколаевич', 'Кекелидзе\nВладимир\nДмитриевич', 'Потребеников\nЮрий\nКонстантинович', 'Самсонов\nВячеслав\nАлександрович', 'Еник Темур\nЛьвович', 'Колесников\nАлександр\nОлегович', 'Мовчан Сергей\nАлександрович', 'Сотников\nАлександр\nНиколаевич']",2014-08-20,2014,устройство для измерения местоположения проволок газовых проволочных камерах,Измерительные системы и диагностика
02.07.2014,"СПОСОБ ОПРЕДЕЛЕНИЯ
ПРОСТРАНСТВЕННОГО
РАСПРЕДЕЛЕНИЯ ПЛОТНОСТИ В","прекратил
действие",['Никитенко Юрий\nВасильевич'],2014-07-02,2014,способ определения пространственного распределения плотности,Измерительные системы и диагностика
29.04.2014,"НАНОСЛОЕ
АНАЛИЗАТОР СОСТАВА
ВЕЩЕСТВА","прекратил
действие","['Шаляпин\nВалерий\nНиколаевич', 'Тютюнников\nСергей\nИванович']",2014-04-29,2014,нанослое анализатор состава вещества,Системы детектирования и анализа материалов
18.02.2014,СПОСОБ УСКОРЕНИЯ ТЕЛА,"прекратил
действие",['Доля Сергей\nНиколаевич'],2014-02-18,2014,способ ускорения тела,Сверхпроводимость и магнитные системы
04.02.2014,"СПОСОБ АКСИАЛЬНОЙ ИНЖЕКЦИИ
ПУЧКА В КОМПАКТНЫЙ
ЦИКЛОТРОН СО СВЕРХВЫСОКИМ
МАГНИТНЫМ ПОЛЕМ","прекратил
действие","['Ворожцов Сергей\nБорисович', 'Смирнов Виктор\nЛеонидович']",2014-02-04,2014,способ аксиальной инжекции пучка компактный циклотрон сверхвысоким магнитным полем,Измерительные системы и диагностика
04.02.2014,"УСТРОЙСТВО ДЛЯ
ИЗГОТОВЛЕНИЯ
ЦИЛИНДРИЧЕСКИХ ТРУБОК ДЛЯ
ГАЗОНАПОЛНЕННЫХ ДРЕЙФОВЫХ
ДЕТЕКТОРОВ ИОНИЗИРУЮЩЕГО
ИЗЛУЧЕНИЯ","прекратил
действие","['Мовчан Сергей\nАлександрович', 'Елша Владимир\nВладимирович', 'Ершов Юрий\nВладимирович', 'Шкаровский\nСергей\nНиколаевич', 'Потребеников\nЮрий\nКонстантинович', 'Кекелидзе\nВладимир\nДимитриевич', 'Кислов Евгений\nМстиславович', 'Еник Темур\nЛьвович', 'Азорский\nНиколай\nИванович', 'Колесников\nАлександр\nОлегович']",2014-02-04,2014,устройство для изготовления цилиндрических трубок для газонаполненных дрейфовых детекторов ионизирующего излучения,Детекторы нейтронов и частиц
05.02.2014,"ТУННЕЛЬНЫЙ ПОЛЕВОЙ
ТРАНЗИСТОР НА ОСНОВЕ
ГРАФЕНА","прекратил
действие","['Катков Всеволод\nЛеонидович', 'Осипов\nВладимир\nАндреевич']",2014-02-05,2014,туннельный полевой транзистор основе графена,Оптические и лазерные системы
05.02.2014,"СПОСОБ ИЗМЕРЕНИЯ ФЛЮЕНСА
БЫСТРЫХ НЕЙТРОНОВ С
ПОМОЩЬЮ","прекратил
действие","['Замятин Николай\nИванович', 'Черемухин\nАлександр\nЕвгеньевич', 'Шафроновская\nАнастасия\nИгоревна']",2014-02-05,2014,способ измерения флюенса быстрых нейтронов помощью,Измерительные системы и диагностика
10.12.2013,"СПОСОБ ИЗМЕРЕНИЯ РАЗМЕРОВ
ЯДРА КОМЕТЫ",3аявка,['Доля Сергей\nНиколаевич'],2013-12-10,2013,способ измерения размеров ядра кометы,Измерительные системы и диагностика
03.11.2015,КРИОХИРУРГИЧЕСКИЙ АППАРАТ,"прекратил
действие",[],2015-11-03,2015,криохирургический аппарат,Медицинское оборудование и биотехнологии
24.09.2013,"СПОСОБ ИЗГОТОВЛЕНИЯ МОНО-
И ОЛИГОПОРОВЫХ МЕМБРАН","прекратил
действие","['Апель Павел\nЮрьевич', 'Дмитриев\nСергей\nНиколаевич', 'Иванов Олег\nМихайлович', 'Нечаев\nАлександр\nНиколаевич']",2013-09-24,2013,способ изготовления моно- олигопоровых мембран,Мембранные и фильтрующие технологии
07.08.2013,"СПОСОБ ПОЛУЧЕНИЯ ЭНЕРГИИ В
ТЕРМОЯДЕРНОМ РЕАКТОРЕ С
ИНЕРЦИАЛЬНЫМ УДЕРЖАНИЕМ
ПЛАЗМЫ","отказ
08.05.2015","['Доля Сергей\nНиколаевич', 'Доля Сергей\nСергеевич']",2013-08-07,2013,способ получения энергии термоядерном реакторе инерциальным удержанием плазмы,Измерительные системы и диагностика
12.07.2013,"СПОСОБ ИЗГОТОВЛЕНИЯ
ПЕРЕХОДНИКА ДЛЯ СОЕДИНЕНИЯ
РЕЗОНАТОРА С КОЖУХОМ
КРИОМОДУЛЯ КОЛЛАЙДЕРА",действует,"['Сабиров Басар\nМухитдинович', 'Ширков Григорий\nДмитриевич', 'Будагов Юлиан\nАрамович', 'Трубников\nГригорий\nВладимирович', 'Пекарь Евгений\nДанилович', 'Добрушин Леонид\nДавидович', 'Илларионов\nСергей Юрьевич', 'Брызгалин\nАндрей\nГеннадьевич']",2013-07-12,2013,способ изготовления переходника для соединения резонатора кожухом криомодуля коллайдера,Сверхпроводимость и магнитные системы
09.07.2013,"УСТРОЙСТВО ДЛЯ ИЗМЕРЕНИЯ
ВЕЛИЧИНЫ НАТЯЖЕНИЯ ТРУБКИ В
STRAW-ДЕТЕКТОРАХ",действует,['Волков\nАлександр\nДмитриевич'],2013-07-09,2013,устройство для измерения величины натяжения трубки straw-детекторах,Измерительные системы и диагностика
13.05.2013,"СПОСОБ РЕГИСТРАЦИИ ЧАСТИЦ
ДЕТЕКТОРАМИ НА ОСНОВЕ
ДРЕЙФОВЫХ ТРУБОК","прекратил
действие","['Мялковский\nВладимир\nВладимирович', 'Пешехонов\nВладимир\nДмитриевич', 'Васильев Сергей\nЕвгеньевич', 'Зинченко\nАлександр\nИванович']",2013-05-13,2013,способ регистрации частиц детекторами основе дрейфовых трубок,Детекторы нейтронов и частиц
13.03.2013,"СПОСОБ ПОЛУЧЕНИЯ
КОГЕРЕНТНОГО ИЗЛУЧЕНИЯ","прекратил
действие","['Беляев\nВладимир\nБорисович', 'Миллер Михаил\nБорисович']",2013-03-13,2013,способ получения когерентного излучения,Измерительные системы и диагностика
26.02.2013,"ДРЕЙФОВАЯ КАМЕРА ДЛЯ РАБОТЫ
В ВАКУУМЕ","прекратил
действие","['Глонти Леван\nНиколаевич', 'Потребеников\nЮрий\nКонстантинович', 'Чепурнов\nВладимир\nФедорович']",2013-02-26,2013,дрейфовая камера для работы вакууме,Оптические и лазерные системы
19.03.2013,"СПОСОБ УСКОРЕНИЯ
МАКРОЧАСТИЦ","прекратил
действие","['Доля Сергей\nНиколаевич', 'Доля Сергей\nСергеевич']",2013-03-19,2013,способ ускорения макрочастиц,Сверхпроводимость и магнитные системы
22.01.2013,"ИНДУКЦИОННЫЙ ЦИКЛИЧЕСКИЙ
УСКОРИТЕЛЬ ЭЛЕКТРОНОВ","прекратил
действие",['Долбилов\nГеннадий\nВарламович'],2013-01-22,2013,индукционный циклический ускоритель электронов,Ускорители частиц и системы фокусировки
22.01.2013,"ДОСМОТРОВЫЙ КОМПЛЕКС
ОБНАРУЖЕНИЯ ОПАСНЫХ
СКРЫТЫХ ВЕЩЕСТВ (ВАРИАНТЫ)","прекратил
действие","['Быстрицкий\nВячеслав\nМихайлович', 'Замятин\nНиколай\nИванович', 'Сапожников\nМихаил\nГригорьевич', 'Слепнёв\nВячеслав\nМихайлович']",2013-01-22,2013,досмотровый комплекс обнаружения опасных скрытых веществ (варианты),Системы детектирования и анализа материалов
01.03.2013,"СПОСОБ И УСТРОЙСТВО ДЛЯ
ОБНАРУЖЕНИЯ АЛМАЗОВ В
КИМБЕРЛИТЕ","прекратил
действие","['Быстрицкий\nВячеслав\nМихайлович', 'Замятин\nНиколай\nИванович', 'Рогов Юрий\nНиколаевич', 'Сапожников\nМихаил\nГригорьевич', 'Слепнёв\nВячеслав\nМихайлович', 'Никитин Геннадий\nМаркович', 'Белоцерковский\nСергей Ремович']",2013-03-01,2013,способ устройство для обнаружения алмазов кимберлите,Измерительные системы и диагностика
21.01.2013,"СПОСОБ ОПРЕДЕЛЕНИЯ УГЛА
НАКЛОНА ПЛОСКОСТИ","прекратил
действие",['Волков\nАлександр\nДмитриевич'],2013-01-21,2013,способ определения угла наклона плоскости,Измерительные системы и диагностика
18.05.2012,"СПОСОБ УПРАВЛЯЕМОГО
КОЛЛЕКТИВНОГО УСКОРЕНИЯ
ЭЛЕКТРОН-ИОННЫХ СГУСТКОВ.","прекратил
действие","['Азарян Николай\nСергеевич', 'Баренгольц\nСергей\nАлександрович', 'Месяц Геннадий\nАндреевич', 'Перельштейн\nЭлкуно\nАврумович']",2012-05-18,2012,способ управляемого коллективного ускорения электрон-ионных сгустков.,Сверхпроводимость и магнитные системы
29.10.2012,"УСТРОЙСТВО ДЛЯ
РАДИАЦИОННОЙ ЗАЩИТЫ
БИОЛОГИЧЕСКИХ ОБЪЕКТОВ В
ЭКСПЕРИМЕНТЕ","прекратил
действие","['Восканян Каринэ\nШаваршовна', 'Гаевский Виктор\nНиколаевич', 'Мицын Геннадий\nВалентинонович']",2012-10-29,2012,устройство для радиационной защиты биологических объектов эксперименте,
03.07.2012,"СПОСОБ ИНДУКЦИОННОГО
УСКОРЕНИЯ ЭЛЕКТРОНОВ","прекратил
действие",['Долбилов\nГеннадий\nВарламович'],2012-07-03,2012,способ индукционного ускорения электронов,Измерительные системы и диагностика
22.01.2013,"МОБИЛЬНЫЙ ОБНАРУЖИТЕЛЬ
ОПАСНЫХ СКРЫТЫХ ВЕЩЕСТВ
(ВАРИАНТЫ)","прекратил
действие","['Быстрицкий\nВячеслав\nМихайлович', 'Замятин\nНиколай\nИванович', 'Сапожников\nМихаил\nГригорьевич', 'Слепнёв\nВячеслав\nМихайлович']",2013-01-22,2013,мобильный обнаружитель опасных скрытых веществ (варианты),Системы детектирования и анализа материалов
30.05.2012,"УСТРОЙСТВО ДЛЯ ИЗМЕРЕНИЯ
УГЛА НАКЛОНА",действует,"['Будагов Юлиан\nАрамович', 'Ляблин Михаил\nВасильевич']",2012-05-30,2012,устройство для измерения угла наклона,Измерительные системы и диагностика
27.08.2012,"УСТРОЙСТВО ДЛЯ ОБНАРУЖЕНИЯ
И ИДЕНТИФИКАЦИИ СКРЫТЫХ
ОПАСНЫХ ВЕЩЕСТВ ПОД ВОДОЙ
(ВАРИАНТЫ).","не
действует",['Быстрицкий\nВячеслав\nМихайлович'],2012-08-27,2012,устройство для обнаружения идентификации скрытых опасных веществ под водой (варианты).,Системы детектирования и анализа материалов
27.07.2012,"УСТРОЙСТВО ДЛЯ ОБНАРУЖЕНИЯ
И ИДЕНТИФИКАЦИИ СКРЫТЫХ
ОПАСНЫХ ВЕЩЕСТВ ПОД ВОДОЙ.","не
действует","['Быстрицкий\nВячеслав\nМихайлович', 'Замятин\nНиколай\nИванович', 'Рогов Юрий\nНиколаевич', 'Садовский\nАндрей\nБорисович', 'Сапожников\nМихаил\nГеоргиевич', 'Слепнёв\nВячеслав\nМихайлович']",2012-07-27,2012,устройство для обнаружения идентификации скрытых опасных веществ под водой.,Системы детектирования и анализа материалов
03.05.2012,"УСТРОЙСТВО
СБАЛАНСИРОВАННОГО
СТАБИЛИЗИРОВАННОГО ПИТАНИЯ
ПОТРЕБИТЕЛЕЙ БОЛЬШОЙ
МОЩНОСТИ","прекратил
действие","['Каплин\nВладимир\nИванович', 'Карпинский\nВиктор\nНиколаевич']",2012-05-03,2012,устройство сбалансированного стабилизированного питания потребителей большой мощности,Измерительные системы и диагностика
27.03.2012,"ГАЗОДИНАМИЧЕСКИЙ СПОСОБ
РЕГИСТРАЦИИ ШАРИКОВ,
ДВИЖУЩИХСЯ В
ЦИЛИНДРИЧЕСКОЙ ТРУБЕ","прекратил
действие","['Петухова\nТатьяна\nБорисовна', 'Широков\nВалерий\nКонстантинович', 'Шабалин Евгений\nПавлович']",2012-03-27,2012,"газодинамический способ регистрации шариков, движущихся цилиндрической трубе",
29.02.2012,"МНОГОЛЕПЕСТКОВЫЙ
КОЛЛИМАТОР ДЛЯ ПРОТОННОЙ
ЛУЧЕВОЙ ТЕРАПИИ","прекратил
действие",['Агапов Алексей\nВалерьевич'],2012-02-29,2012,многолепестковый коллиматор для протонной лучевой терапии,Оптические и лазерные системы
29.02.2012,"ШАРИКОВЫЙ ХОЛОДНЫЙ
ЗАМЕДЛИТЕЛЬ НЕЙТРОНОВ",действует,"['Ананьев\nВладимир\nДмитриевич', 'Беляков\nАлександр\nАнатольевич', 'Булавин Максим\nВикторович', 'Верхоглядов\nАлександр\nЕвгеньевич', 'Куликов Сергей\nАлександрович', 'Кустов Александр\nАнатольевич', 'Мухин\nКонстантин\nАлександрович', 'Шабалин\nЕвгений\nПавлович', 'Шабалин\nДмитрий\nЕвгеньевич']",2012-02-29,2012,шариковый холодный замедлитель нейтронов,Измерительные системы и диагностика
21.02.2012,"КРИОГЕННЫЙ ДОЗАТОР ШАРИКОВ
ДЛЯ ХОЛОДНОГО ЗАМЕДЛИТЕЛЯ
НЕЙТРОНОВ",действует,"['Шабалин Евгений\nПавлович', 'Куликов Сергей\nАлександрович', 'Федоров Андрей\nНиколаевич']",2012-02-21,2012,криогенный дозатор шариков для холодного замедлителя нейтронов,
06.12.2011,"КООРДИНАТНЫЙ
ГАЗОНАПОЛНЕННЫЙ ДЕТЕКТОР","прекратил
действие","['Жуков Игорь\nАлексеевич', 'Мялковский\nВладимир\nВладимирович', 'Пешехонов\nВладимир\nДмитриевич', 'Рабцун Сергей\nВасильевич', 'Русакович\nНиколай\nАртемьевич', 'Топилин Николай\nДмитриевич']",2011-12-06,2011,координатный газонаполненный детектор,Детекторы нейтронов и частиц
26.06.2012,"СПОСОБ УСКОРЕНИЯ МАГНИТНЫХ
ДИПОЛЕЙ","прекратил
действие","['Доля Сергей\nНиколаевич', 'Доля Сергей\nСергеевич']",2012-06-26,2012,способ ускорения магнитных диполей,Сверхпроводимость и магнитные системы
15.06.2011,"ЦИКЛИЧЕСКИЙ УСКОРИТЕЛЬ
ЗАРЯЖЕННЫХ ЧАСТИЦ","прекратил
действие",['Долбилов\nГеннадий\nВарламович'],2011-06-15,2011,циклический ускоритель заряженных частиц,Ускорители частиц и системы фокусировки
12.04.2011,"ДРЕЙФОВАЯ КАМЕРА ДЛЯ РАБОТЫ
В ВАКУУМЕ","прекратил
действие","['Глонти Леван\nНиколаевич', 'Кекелидзе\nВладимир\nДмитриевич', 'Потребеников\nЮрий\nКонстантинович']",2011-04-12,2011,дрейфовая камера для работы вакууме,Оптические и лазерные системы
08.06.2011,"МНОГОКАНАЛЬНЫЙ
ПОЛУПРОВОДНИКОВЫЙ ДЕТЕКТОР
ДЛЯ РЕГИСТРАЦИИ АЛЬФА-
ЧАСТИЦ В НЕЙТРОННОМ
ГЕНЕРАТОРЕ СО СТАТИЧЕСКИМ
ВАКУУМОМ И ЧУВСТВИТЕЛЬНЫЙ","прекратил
действие","['Быстрицкий\nВячеслав\nМихайлович', 'Замятин\nНиколай\nИванович', 'Зубарев Евгений\nВалериевич', 'Сапожников\nМихаил\nГеоргиевич', 'Слепнёв\nВячеслав\nМихайлович']",2011-06-08,2011,многоканальный полупроводниковый детектор для регистрации альфа- частиц нейтронном генераторе статическим вакуумом чувствительный,Детекторы нейтронов и частиц
06.12.2011,"ЭЛЕМЕНТ ДЛЯ НЕГО
ПЕРЕНОСНЫЙ ОБНАРУЖИТЕЛЬ
ОПАСНЫХ СКРЫТЫХ ВЕЩЕСТВ","прекратил
действие","['Быстрицкий\nВячеслав\nМихайлович', 'Замятин\nНиколай\nИванович', 'Садовский\nАндрей\nБорисович', 'Сапожников\nМихаил\nГеоргиевич', 'Слепнёв\nВячеслав\nМихайлович', 'Садовский\nАндрей\nБорисович', 'Сапожников Слепнёв\nМихаил Вячеслав\nГригорьевич Михайлович']",2011-12-06,2011,элемент для него переносный обнаружитель опасных скрытых веществ,Системы детектирования и анализа материалов
18.03.2011,"ПЕРЕНОСНОЕ УСТРОЙСТВО ДЛЯ
ИДЕНТИФИКАЦИИ СКРЫТЫХ
ВЕЩЕСТВ (ВАРИАНТЫ)","прекратил
действие","['Быстрицкий\nВячеслав\nМихайлович', 'Замятин\nНиколай\nИванович', 'Зубарев Евгений\nВалерьевич', 'Краснопёров\nАлексей\nВладимирович', 'Рапацкий\nВладимир\nЛеонидович', 'Рогов Юрий\nНиколаевич', 'Саламатин\nАлександр\nВасильевич']",2011-03-18,2011,переносное устройство для идентификации скрытых веществ (варианты),Системы детектирования и анализа материалов
23.06.2011,"МОБИЛЬНОЕ УСТРОЙСТВО ДЛЯ
ИДЕНТИФИКАЦИИ СКРЫТЫХ
ВЕЩЕСТВ (ВАРИАНТЫ)","прекратил
действие","['Быстрицкий\nВячеслав\nМихайлович', 'Замятин\nНиколай\nИванович', 'Сапожников\nМихаил\nГеоргиевич', 'Слепнёв\nВячеслав\nМихайлович']",2011-06-23,2011,мобильное устройство для идентификации скрытых веществ (варианты),Системы детектирования и анализа материалов
18.03.2011,"ПЕРЕНОСНОЕ УСТРОЙСТВО ДЛЯ
ИДЕНТИФИКАЦИИ СКРЫТЫХ
ВЕЩЕСТВ (ВАРИАНТЫ)","прекратил
действие","['Быстрицкий\nВячеслав\nМихайлович', 'Замятин\nНиколай\nИванович', 'Зубарев Евгений\nВалериевич', 'Краснопёров\nАлексей\nВладимирович', 'Рапацкий\nВладимир\nЛеонидович', 'Рогов Юрий\nНиколаевич', 'Садовский\nАндрей\nБорисович', 'Саламатин\nАлександр\nВасильевич', 'Сапожников\nМихаил\nГеоргиевич', 'Слепнёв\nВячеслав\nМихайлович']",2011-03-18,2011,переносное устройство для идентификации скрытых веществ (варианты),Системы детектирования и анализа материалов
11.03.2011,КРИОХИРУРГИЧЕСКИЙ АППАРАТ,"прекратил
действие","['Павлов Валентин\nНиколаевич', 'Кунгурцев\nСергей\nВладимирович', 'Кулаков Дмитрий\nВалерьевич']",2011-03-11,2011,криохирургический аппарат,Медицинское оборудование и биотехнологии
01.03.2011,"СПОСОБ ЭЛЕКТРОСТАТИЧЕСКОГО
УСКОРЕНИЯ МАКРОЧАСТИЦ","прекратил
действие",['Доля Сергей\nНиколаевич'],2011-03-01,2011,способ электростатического ускорения макрочастиц,Сверхпроводимость и магнитные системы
01.02.2011,"СПОСОБ ЦИКЛИЧЕСКОГО
УСКОРЕНИЯ ЗАРЯЖЕННЫХ
ЧАСТИЦ","прекратил
действие",['Долбилов\nГеннадий\nВарламович'],2011-02-01,2011,способ циклического ускорения заряженных частиц,Ускорители частиц и системы фокусировки
01.02.2011,"СПОСОБ УМЕНЬШЕНИЯ
ЭНЕРГЕТИЧЕСКОГО РАЗБРОСА
ПУЧКА ЧАСТИЦ В ЦИКЛОТРОНЕ","прекратил
действие","['Ворожцов Сергей\nБорисович', 'Смирнов Виктор\nЛеонидович']",2011-02-01,2011,способ уменьшения энергетического разброса пучка частиц циклотроне,Ускорители частиц и системы фокусировки
08.12.2010,"СПОСОБ ОПРЕДЕЛЕНИЯ
МАГНИТНО-НЕКОЛЛИНЕАРНОЙ
МОЩНОСТИ НАНОСЛОЯ","прекратил
действие",['Никитенко Юрий\nВасильевич'],2010-12-08,2010,способ определения магнитно-неколлинеарной мощности нанослоя,Измерительные системы и диагностика
17.11.2010,"СПОСОБ ОПРЕДЕЛЕНИЯ
ПРОСТРАНСТВЕННОГО
РАСПРЕДЕЛЕНИЯ
НАМАГНИЧЕННОСТИ НАНОСЛОЯ","прекратил
действие",['Никитенко Юрий\nВасильевич'],2010-11-17,2010,способ определения пространственного распределения намагниченности нанослоя,Измерительные системы и диагностика
09.03.2011,"СПОСОБ УСКОРЕНИЯ МАГНИТНЫХ
ДИПОЛЕЙ","прекратил
действие",['Доля Сергей\nНиколаевич'],2011-03-09,2011,способ ускорения магнитных диполей,Сверхпроводимость и магнитные системы
20.10.2010,"СПОСОБ УСКОРЕНИЯ
МАКРОЧАСТИЦ","прекратил
действие",['Доля Сергей\nНиколаевич'],2010-10-20,2010,способ ускорения макрочастиц,Сверхпроводимость и магнитные системы
28.08.2010,"НЕЙТРОННЫЙ СПЕКТРОМЕТР НА
БАЗЕ ПРОТОННОГО ТЕЛЕСКОПА","прекратил
действие","['Богдзель Андрей\nАлексеевич', 'Пантелеев\nЦветан Ценов', 'Милков Васил\nМихайлов']",2010-08-28,2010,нейтронный спектрометр базе протонного телескопа,Детекторы нейтронов и частиц
08.11.2010,"СПОСОБ УСКОРЕНИЯ МАГНИТНЫХ
ДИПОЛЕЙ","прекратил
действие",['Доля Сергей\nНиколаевич'],2010-11-08,2010,способ ускорения магнитных диполей,Сверхпроводимость и магнитные системы
12.05.2008,"Способ определения плотности
перфорации пленочных полимерных
материалов","прекратил
действие","['Лысухин Сергей\nНиколаевич', 'Гикал Борис\nНиколаевич', 'Тетерев Юрий\nГеннадьевич', 'Тулеушев Адил\nЖианшахович', 'Дмитриев\nСергей\nНиколаевич', 'Кадыржанов\nКайрат Камалович']",2008-05-12,2008,способ определения плотности перфорации пленочных полимерных материалов,Измерительные системы и диагностика
23.08.2010,"ФОТОЭЛЕКТРИЧЕСКИЙ
ПРЕОБРАЗОВАТЕЛЬ
ЭЛЕКТРОМАГНИТНОГО
ИЗЛУЧЕНИЯ В ЭЛЕКТРИЧЕСКИЙ
ТОК С ГРАДИЕНТНЫМ ПРОФИЛЕМ
ЛЕГИРУЮЩЕЙ ПРИМЕСИ И
СПОСОБ ЕГО ИЗГОТОВЛЕНИЯ","прекратил
действие",['Займидорога\nОлег Антонович'],2010-08-23,2010,фотоэлектрический преобразователь электромагнитного излучения электрический ток градиентным профилем легирующей примеси способ его изготовления,Сверхпроводимость и магнитные системы
23.08.2010,"ФОТОЭЛЕКТРИЧЕСКИЙ
ПРЕОБРАЗОВАТЕЛЬ
ЭЛЕКТРОМАГНИТНОГО
ИЗЛУЧЕНИЯ В ЭЛЕКТРИЧЕСКИЙ
ТОК С ГРАДИЕНТНЫМ ПРОФИЛЕМ
ЛЕГИРУЮЩЕЙ ПРИМЕСИ И
СПОСОБ ЕГО ИЗГОТОВЛЕНИЯ","прекратил
действие",['Займидорога\nОлег Антонович'],2010-08-23,2010,фотоэлектрический преобразователь электромагнитного излучения электрический ток градиентным профилем легирующей примеси способ его изготовления,Сверхпроводимость и магнитные системы
28.07.2010,"СПОСОБ ПОЛУЧЕНИЯ
РАДИОИЗОТОПА ИНДИЯ 111 БЕЗ
НОСИТЕЛЯ","прекратил
действие",['Доманов\nВладимир\nПантелеймонови\nч'],2010-07-28,2010,способ получения радиоизотопа индия 111 без носителя,Ядерные технологии и изотопы
29.03.2010,"СПОСОБ ПОЛУЧЕНИЯ ПУЧКОВ
ИОНОВ ВЫСОКОЙ ЗАРЯДНОСТИ","прекратил
действие","['Доля Сергей\nНиколаевич', 'Коваленко\nАлександр\nДмитриевич', 'Решетникова\nКлара Андреевна']",2010-03-29,2010,способ получения пучков ионов высокой зарядности,Измерительные системы и диагностика
21.10.2009,"СПОСОБ ИНДУКЦИОННОГО
УСКОРЕНИЯ ИОНОВ","прекратил
действие","['Долбилов\nГеннадий\nВарламович', 'Тютюнников\nСергей\nИванович']",2009-10-21,2009,способ индукционного ускорения ионов,Измерительные системы и диагностика
21.10.2009,"ПОРИСТАЯ МЕМБРАНА И СПОСОБ
ЕЕ ПОЛУЧЕНИЯ","прекратил
действие","['Апель Павел\nЮрьевич', 'Дмитриев\nСергей\nНиколаевич', 'Иванов Олег\nМихайлович']",2009-10-21,2009,пористая мембрана способ получения,Мембранные и фильтрующие технологии
10.10.2009,ГЕТЕРОЭЛЕКТРИК (ВАРИАНТЫ),"прекратил
действие","['Проценко Игорь\nЕвгеньевич', 'Займидорога\nОлег Антонович']",2009-10-10,2009,гетероэлектрик (варианты),Оптические и лазерные системы
30.06.2009,"УСТРОЙСТВО ДЛЯ
РАДИАЦИОННОЙ ЗАЩИТЫ
БИОЛОГИЧЕСКИХ ОБЪЕКТОВ В
ЭКСПЕРИМЕНТЕ","прекратил
действие","['Восканян Каринэ\nШаваршовна', 'Гаевский Виктор\nНиколаевич', 'Мицын Геннадий\nВалентинонович']",2009-06-30,2009,устройство для радиационной защиты биологических объектов эксперименте,
04.06.2009,ГЕТЕРОЭЛЕКТРИК,"прекратил
действие","['Проценко Игорь\nЕвгеньевич', 'Займидорога\nОлег Антонович', 'Рудой Виктор\nМоисеевич']",2009-06-04,2009,гетероэлектрик,Оптические и лазерные системы
04.06.2009,ДИПОЛЬНЫЙ НАНОЛАЗЕР,"прекратил
действие","['Проценко Игорь\nЕвгеньевич', 'Займидорога\nОлег Антонович']",2009-06-04,2009,дипольный нанолазер,Оптические и лазерные системы
04.06.2009,ДИПОЛЬНЫЙ НАНОЛАЗЕР,"патент
прекратил
действие","['Проценко Игорь\nЕвгеньевич', 'Займидорога\nОлег Антонович', 'Рудой Виктор\nМоисеевич']",2009-06-04,2009,дипольный нанолазер,Оптические и лазерные системы
07.04.2009,"СПОСОБ ПОЛУЧЕНИЯ ИЗОТОПА
УРАНА-237","прекратил
действие","['Густова Марина\nВладимировна', 'Белов Анатолий\nГеоргиевич', 'Дмитриев Сергей\nНиколаевич', 'Маслов Олег\nДмитриевич']",2009-04-07,2009,способ получения изотопа урана-237,Ядерные технологии и изотопы
19.03.2009,"УСТРОЙСТВО ДЛЯ
СПЕКТРАЛЬНОГО АНАЛИЗА
СОСТАВА ВЕЩЕСТВА","прекратил
действие","['Шаляпин\nВалерий\nНиколаевич', 'Тютюнников\nСергей\nИванович']",2009-03-19,2009,устройство для спектрального анализа состава вещества,Измерительные системы и диагностика
19.03.2009,"УСТРОЙСТВО ДЛЯ
СПЕКТРАЛЬНОГО АНАЛИЗА
СОСТАВА ВЕЩЕСТВА","прекратил
действие","['Шаляпин\nВалерий\nНиколаевич', 'Тютюнников\nСергей\nИванович']",2009-03-19,2009,устройство для спектрального анализа состава вещества,Измерительные системы и диагностика
10.03.2009,"ФОТОЭЛЕКТРИЧЕСКИЙ
ПРЕОБРАЗОВАТЕЛЬ","прекратил
действие","['Займидорога\nОлег Антонович', 'Проценко Игорь\nЕвгеньевич', 'Рудой Виктор\nМоисеевич', 'Болтаев\nАнатолий\nПетрович', 'Пудонин Федор\nАлексеевич', 'Дементьева\nОльга Вадимовна']",2009-03-10,2009,фотоэлектрический преобразователь,Сверхпроводимость и магнитные системы
11.03.2009,"ФОТОЭЛЕКТРИЧЕСКИЙ
ПРЕОБРАЗОВАТЕЛЬ","прекратил
действие","['Займидорога\nОлег Антонович', 'Проценко Игорь\nЕвгеньевич', 'Рудой Виктор\nМоисеевич', 'Болтаев\nАнатолий\nПетрович', 'Пудонин Федор\nАлексеевич', 'Дементьева\nОльга Вадимовна']",2009-03-11,2009,фотоэлектрический преобразователь,Сверхпроводимость и магнитные системы
10.03.2009,"СПОСОБ ДЛЯ ФОРМИРОВАНИЯ
ЛАЗЕРНОГО ПУЧКА","прекратил
действие","['Батусов Виталий\nЮрьевич', 'Будагов Юлиан\nАрамович', 'Сисакян Алексей\nНорайрович', 'Ляблин Михаил\nВасильевич']",2009-03-10,2009,способ для формирования лазерного пучка,Измерительные системы и диагностика
10.03.2009,"ЛИНЕЙНЫЙ РЕЗОНАНСНЫЙ
УСКОРИТЕЛЬ","прекратил
действие",['Долбилов\nГеннадий\nВарламович'],2009-03-10,2009,линейный резонансный ускоритель,Оптические и лазерные системы
17.12.2008,"ГОЛОВКА РАСПЫЛИТЕЛЯ
ЖИДКОГО АЗОТА","прекратил
действие","['Павлов Валентин\nНиколаевич', 'Кунгурцев\nСергей\nВладимирович', 'Кулаков Дмитрий\nВалерьевич']",2008-12-17,2008,головка распылителя жидкого азота,Оптические и лазерные системы
08.12.2008,"СПОСОБ ЗАЩИТЫ В
ЭКСПЕРИМЕНТЕ ОТ
ПОВРЕЖДАЮЩЕГО ДЕЙСТВИЯ
ИОНИЗИРУЮЩЕГО ИЗЛУЧЕНИЯ",3аявка,"['Восканян Каринэ\nШаваршовна', 'Мицын Геннадий\nВалентинович', 'Гаевский Виктор\nНиколаевич']",2008-12-08,2008,способ защиты эксперименте повреждающего действия ионизирующего излучения,Детекторы нейтронов и частиц
17.12.2008,КРИОРАСПЫЛИТЕЛЬ,"прекратил
действие","['Павлов Валентин\nНиколаевич', 'Кунгурцев\nСергей\nВладимирович', 'Кулаков Дмитрий\nВалерьевич']",2008-12-17,2008,криораспылитель,Оптические и лазерные системы
16.12.2008,"СПОСОБ ФОРМИРОВАНИЯ
УСКОРЯЮЩЕГО НАПРЯЖЕНИЯ В
РЕЗОНАНСЕ УСКОРИТЕЛЯ
ЗАРЯЖЕННЫХ ЧАСТИЦ","прекратил
действие",['Долбилов\nГеннадий\nВарламович'],2008-12-16,2008,способ формирования ускоряющего напряжения резонансе ускорителя заряженных частиц,Ускорители частиц и системы фокусировки
22.10.2008,"ПЕРЕНОСНОЕ УСТРОЙСТВО ДЛЯ
ИДЕНТИФИКАЦИИ СКРЫТЫХ
ВЕЩЕСТВ","прекратил
действие","['Быстрицкий\nВячеслав\nМихайлович', 'Замятин\nНиколай\nИванович', 'Кадышевский\nВладимир\nГеоргиевич', 'Рогов Юрий\nНиколаевич', 'Сапожников\nМихаил\nГеоргиевич', 'Слепнев\nВячеслав\nМихайлович']",2008-10-22,2008,переносное устройство для идентификации скрытых веществ,Системы детектирования и анализа материалов
06.10.2008,"СИСТЕМА ПРОТОННО-ИОННОЙ
ТЕРАПИИ ОНКОЛОГИЧЕСКИХ
ЗАБОЛЕВАНИЙ","патент
прекратил
действие","['Сисакян Алексей\nНарайрович', 'Малахов\nАлександр\nИванович', 'Агапов Николай\nНиколаевич', 'Коваленко\nАлександр\nДмитриевич', 'Костылев\nВладимир\nАлександрович', 'Лучин Евгений\nИванович', 'Сыроватская\nИрина\nАндреевна', 'Дементьев\nГеоргий\nСтаниславович']",2008-10-06,2008,система протонно-ионной терапии онкологических заболеваний,Оптические и лазерные системы
14.04.2008,"СПОСОБ УПРАВЛЕНИЯ ПУЧКОМ
ЗАРЯЖЕННЫХ ЧАСТИЦ В
ЦИКЛОТРОНЕ","прекратил
действие","['Гульбекян\nГеоргий\nГерасимович', 'Иваненко Иван\nАнатольевич']",2008-04-14,2008,способ управления пучком заряженных частиц циклотроне,Ускорители частиц и системы фокусировки
12.03.2008,"СПОСОБ ВЫДЕЛЕНИЯ И ОЧИСТКИ
НУКЛЕИНОВЫХ КИСЛОТ","прекратил
действие","['Пузынин\nАлександр\nИгоревич', 'Репин Михаил\nВасильевич', 'Дмитриев Сергей\nНиколаевич']",2008-03-12,2008,способ выделения очистки нуклеиновых кислот,Измерительные системы и диагностика
20.12.2007,"КРИОАППЛИКАТОР ДЛЯ
ХИРУРГИЧЕСКОГО АППАРАТА","прекратил
действие","['Павлов Валентин\nНиколаевич', 'Малинин\nНиколай\nНиколаевич', 'Семенова Ольга\nПавловна']",2007-12-20,2007,криоаппликатор для хирургического аппарата,Оптические и лазерные системы
20.12.2007,"КРИОАППЛИКАТОР ДЛЯ
ХИРУРГИЧЕСКОГО АППАРАТА","прекратил
действие","['Павлов Валентин\nНиколаевич', 'Малинин\nНиколай\nНиколаевич', 'Семенова Ольга\nПавловна']",2007-12-20,2007,криоаппликатор для хирургического аппарата,Оптические и лазерные системы
20.12.2007,"СПОСОБ ВЫПОЛНЕНИЯ
КРИОХИРУРГИЧЕСКИХ ОПЕРАЦИЙ","прекратил
действие","['Павлов Валентин\nНиколаевич', 'Малинин\nНиколай\nНиколаевич', 'Семенова Ольга\nПавловна']",2007-12-20,2007,способ выполнения криохирургических операций,Измерительные системы и диагностика
08.10.2007,"СПОСОБ ОПРЕДЕЛЕНИЯ
ПРОСТРАНСТВЕННОГО
РАСПРЕДЕЛЕНИЯ МАГНИТНОГО
МОМЕНТА В НАНОСЛОЕ","прекратил
действие","['Аксенов Виктор\nЛазаревич', 'Никитенко Юрий\nВасильевич']",2007-10-08,2007,способ определения пространственного распределения магнитного момента нанослое,Измерительные системы и диагностика
10.07.2007,"СПОСОБ ПОЛУЧЕНИЯ
РАДИОИЗОТОПОВ ЗОЛОТА БЕЗ
НОСИТЕЛЯ","прекратил
действие","['Доманов\nВладимир\nПантелеймонови\nч', 'Дугинов Виктор\nНиколаевич', 'Чинь Тхи Тху Ми']",2007-07-10,2007,способ получения радиоизотопов золота без носителя,Ядерные технологии и изотопы
12.03.2007,"СПОСОБ ПОЛУЧЕНИЯ
РАДИОИЗОТОПОВ СЕРЕБРА БЕЗ
НОСИТЕЛЯ","прекратил
действие","['Доманов\nВладимир\nПантелеймонови\nч', 'Дугинов Виктор\nНиколаевич', 'Чинь Тхи Тху Ми']",2007-03-12,2007,способ получения радиоизотопов серебра без носителя,Ядерные технологии и изотопы
22.02.2007,"ПРЕОБРАЗОВАТЕЛЬ
ЭЛЕКТРОМАГНИТНОГО
ИЗЛУЧЕНИЯ","не
действует","['Проценко Игорь\nЕвгеньевич', 'Займидорога\nОлег Антонович', 'Рудой Виктор\nМоисеевич']",2007-02-22,2007,преобразователь электромагнитного излучения,Сверхпроводимость и магнитные системы
11.10.2006,"УСТРОЙСТВО ДЛЯ ОБНАРУЖЕНИЯ
РАДИОАКТИВНЫХ МАТЕРИАЛОВ",действует,"['Недачин Юрий\nКонстантинович', 'Иванов\nАлександр\nИванович', 'Зайцев Евгений\nИльич', 'Хвастунов\nМихаил\nМихайлович', 'Савушкин\nАндрей\nГеннадьевич']",2006-10-11,2006,устройство для обнаружения радиоактивных материалов,Системы детектирования и анализа материалов
06.12.2006,"КООРДИНАТНЫЙ
ГАЗОНАПОЛНЕННЫЙ ДЕТЕКТОР
ИЗЛУЧЕНИЯ","прекратил
действие","['Мялковский\nВладимир\nВладимирович', 'Пешехонов\nВладимир\nДмитриевич', 'Савенков Андрей\nАндреевич']",2006-12-06,2006,координатный газонаполненный детектор излучения,Детекторы нейтронов и частиц
09.10.2006,"АСИММЕТРИЧНАЯ ТРЕКОВАЯ
МЕМБРАНА И СПОСОБ ЕЕ
ИЗГОТОВЛЕНИЯ","патент
прекратил
действие","['Апель Павел\nЮрьевич', 'Березкин\nВладимир\nВикторович', 'Васильев\nАлександр\nБорисович', 'Жданов\nГеннадий\nСтепанович', 'Косарев\nСтанислав\nАлександрович', 'Мчедлишвили\nБорис Викторович', 'Раскач Ольга\nВладимировна', 'Туманов\nАлександр\nАлександрович', 'Фурсов\nБорис\nИванович']",2006-10-09,2006,асимметричная трековая мембрана способ изготовления,Мембранные и фильтрующие технологии
09.10.2006,"СПОСОБ ИЗГОТОВЛЕНИЯ
ТРЕКОВОЙ МЕМБРАНЫ","патент
прекратил
действие","['Апель Павел\nЮрьевич', 'Жданов\nГеннадий\nСтепанович', 'Березкин\nВладимир\nВикторович', 'Васильев\nАлександр\nБорисович', 'Красавина\nТатьяна\nАлексеевна', 'Миняйло\nЛюдмила\nВикторовна', 'Мчедлишвили\nБорис\nВикторович', 'Туманов\nАлександр\nАлександрович', 'Фурсов\nБорис\nИванович']",2006-10-09,2006,способ изготовления трековой мембраны,Мембранные и фильтрующие технологии
02.05.2006,"СПОСОБ ЗАЩИТЫ КОЖИ И
СЛИЗИСТЫХ ОТ
ПОВРЕЖДАЮЩЕГО ДЕЙСТВИЯ
ИОНИЗИРУЮЩИХ ИЗЛУЧЕНИЙ","прекратил
действие","['Восканян Каринэ\nШаваршовна', 'Мицын Геннадий\nВалентинович', 'Гаевский Виктор\nНиколаевич']",2006-05-02,2006,способ защиты кожи слизистых повреждающего действия ионизирующих излучений,Детекторы нейтронов и частиц
15.03.2006,"СПОСОБ ФОРМИРОВАНИЯ
НОСИТЕЛЯ ЗАЩИТНОЙ
ИНФОРМАЦИИ","прекратил
действие","['Иткис Михаил\nГригорьевич', 'Дмитриев\nСергей\nНиколаевич', 'Реутов Валерий\nФилиппович', 'Реутов Игорь\nВалерьевич']",2006-03-15,2006,способ формирования носителя защитной информации,Измерительные системы и диагностика
05.12.2005,"СПОСОБ ПОДГОТОВКИ ОБРАЗЦА
ДЛЯ ПОРОМЕТРИИ СКВОЗНЫХ
КАНАЛОВ НАНОМЕТРИЧЕСКОГО
РАЗМЕРА В ТВЕРДОТЕЛЬНЫХ
МЕМБРАНАХ С ПОМОЩЬЮ
ПРОСВЕЧИВАЮЩЕЙ","прекратил
действие","['Дмитриев Сергей\nНиколаевич', 'Реутов Валерий\nФилиппович', 'Микляев Михаил\nФедорович']",2005-12-05,2005,способ подготовки образца для порометрии сквозных каналов нанометрического размера твердотельных мембранах помощью просвечивающей,Мембранные и фильтрующие технологии
05.12.2005,"ЭЛЕКТРОННОЙ МИКРОСКОПИИ
СПОСОБ ФОРМИРОВАНИЯ
ЕДИНИЧНОЙ МЕТАЛЛИЧЕСКОЙ
НАНОСТРУКТУРЫ В АНСАМБЛЕ
ТРАВЛЕНЫХ КАНАЛОВ ТРЕКОВОЙ
МЕМБРАНЫ","прекратил
действие","['Дмитриев Сергей\nНиколаевич', 'Реутов Валерий\nФилиппович', 'Микляев Михаил\nФедорович']",2005-12-05,2005,электронной микроскопии способ формирования единичной металлической наноструктуры ансамбле травленых каналов трековой мембраны,Измерительные системы и диагностика
24.11.2005,"ОПТИЧЕСКОЕ СТЕКЛО ИЗ
ГЕТЕРОЭЛЕКТРИКА","патент
прекратил
действие","['Займидорога\nОлег Антонович', 'Проценко Игорь\nЕвгеньевич', 'Самойлов\nВалентин\nНиколаевич']",2005-11-24,2005,оптическое стекло гетероэлектрика,
31.05.2005,"НАНОСТРУКТУРИРОВАННОЕ
ПОКРЫТИЕ НЕСУЩЕЙ ОСНОВЫ","патент
прекратил
действие","['Слепцов\nВладимир\nВладимирович', 'Щербаков Игорь\nВладимирович', 'Дмитриев Сергей\nНиколаевич', 'Иткис Михаил\nГригорьевич']",2005-05-31,2005,наноструктурированное покрытие несущей основы,Оптические и лазерные системы
25.04.2005,"СВЕРХПРОВОДЯЩИЙ КАБЕЛЬ И
СПОСОБ ЕГО ИЗГОТОВЛЕНИЯ","патент
прекратил
действие","['ФИШЕР Эгберт', 'Ходжибагиян\nГамлет', 'Коваленко\nАлександр', 'МОРИТЦ\nГебхард']",2005-04-25,2005,сверхпроводящий кабель способ его изготовления,Сверхпроводимость и магнитные системы
25.04.2005,"СВЕРХПРОВОДЯЩИЙ КАБЕЛЬ И
СПОСОБ ЕГО ИЗГОТОВЛЕНИЯ","Междунаро
дная заявка","['ФИШЕР Эгберт', 'Ходжибагиян\nГамлет', 'Коваленко\nАлександр', 'МОРИТЦ\nГебхард']",2005-04-25,2005,сверхпроводящий кабель способ его изготовления,Сверхпроводимость и магнитные системы
19.11.2004,"УСТРОЙСТВО ДЛЯ ОПТИЧЕСКОЙ
СПЕКТРОСКОПИИ ВЕЩЕСТВ","патент
прекратил
действие","['Займидорога\nОлег Антонович', 'Куликовский\nСергей Юрьевич', 'Самошкин\nАлександр\nМихайлович', 'Самойлов\nВалентин\nНиколаевич', 'Сорокин Олег\nНаумович']",2004-11-19,2004,устройство для оптической спектроскопии веществ,Измерительные системы и диагностика
28.10.2004,"ГЕНЕРАТОР МЕЧЕНЫХ
НЕЙТРОНОВ С РЕГИСТРАТОРОМ
АЛЬФА ЧАСТИЦ","заявка
отозвана","['Быстрицкий\nВячеслав\nМихайлович', 'Кадышевский\nВладимир\nГеоргиевич', 'Замятин Николай\nИванович', 'Никитин\nВладимир\nАлексеевич', 'Сапожников\nМихаил\nГригорьевич', 'Сисакян Алексей\nНорайрович', 'Слепнёв\nВячеслав\nМихайлович']",2004-10-28,2004,генератор меченых нейтронов регистратором альфа частиц,Измерительные системы и диагностика
15.10.2004,"СПОСОБ ПРОФИЛАКТИКИ И
ЛЕЧЕНИЯ ЗАБОЛЕВАНИЙ",нет данных,"['Займидорога\nОлег Антонович', 'Демидова\nВалентина\nСергеевна', 'Карелин\nАлександр\nАлександрович', 'Самойлов\nВалентин\nНиколаевич']",2004-10-15,2004,способ профилактики лечения заболеваний,Измерительные системы и диагностика
18.05.2004,"СПОСОБ МНОГОЭЛЕМЕНТНОЙ
ИОННОЙ ИМПЛАНТАЦИИ
(ВАРИАНТЫ)","патент
прекратил
действие","['Дмитриев Сергей\nНиколаевич', 'Реутов Валерий\nФилиппович', 'Ефремов Андрей\nАлександрович']",2004-05-18,2004,способ многоэлементной ионной имплантации (варианты),Измерительные системы и диагностика
27.03.2004,"СПОСОБ ПОЛУЧЕНИЯ
АСИММЕТРИЧНОЙ ТРЕКОВОЙ
МЕМБРАНЫ","патент
прекратил
действие","['Апель Павел\nЮрьевич', 'Вутсадакис\nВасилий', 'Дмитриев Сергей\nНиколаевич', 'Оганесян Юрий\nЦолакович']",2004-03-27,2004,способ получения асимметричной трековой мембраны,Измерительные системы и диагностика
26.03.2004,"НАНОУСИЛИТЕЛЬ
ЭЛЕКТРОМАГНИТНОГО
ИЗЛУЧЕНИЯ","патент
прекратил
действие","['Займидорога\nОлег Антонович', 'Проценко Игорь\nЕвгеньевич', 'Самойлов\nВалентин\nНиколаевич']",2004-03-26,2004,наноусилитель электромагнитного излучения,Оптические и лазерные системы
22.03.2004,"ИНСПЕКЦИОННО-ДОСМОТРОВЫЙ
КОМПЛЕКС","патент
прекратил
действие","['Иванов\nАлександр\nИванович', 'Кадышевский\nВладимир\nГеоргиевич', 'Кравченко\nНиколай\nЭммануилович', 'Недачин Юрий\nКонстантинович', 'Сисакян\nАлексей\nНорайрович', 'Ухлинов Л.М.']",2004-03-22,2004,инспекционно-досмотровый комплекс,Оптические и лазерные системы
20.02.2004,"УСТРОЙСТВО ДЛЯ ОПТИЧЕСКОЙ
СПЕКТРОСКОПИИ ВЕЩЕСТВ","патент
прекратил
действие","['Займидорога\nОлег Антонович', 'Куликовский\nСергей Юрьевич', 'Самошкин\nАлександр\nМихайлович', 'Самойлов\nВалентин\nНиколаевич', 'Сорокин Олег\nНаумович']",2004-02-20,2004,устройство для оптической спектроскопии веществ,Измерительные системы и диагностика
20.09.2003,"ПОЛУПРОВОДНИКОВЫЙ
МИКРОКАНАЛЬНЫЙ ДЕТЕКТОР С
ВНУТРЕННИМ УСИЛЕНИЕМ
СИГНАЛА","патент
прекратил
действие,
перешел в
общественн
ое","['Садыгов\nЗираддин Якуб-\nоглы', 'Железных И.М.', 'Бокова Татьяна\nЮрьевна', 'Стойков Алексей\nВитальевич', 'Мусиенко Ю.В.']",2003-09-20,2003,полупроводниковый микроканальный детектор внутренним усилением сигнала,Детекторы нейтронов и частиц
18.11.2003,"СПОСОБ ПОЛУЧЕНИЯ ИЗОТОПА
УРАНА-237","достояние
патент
прекратил
действие","['Густова Марина\nВладимировна', 'Дмитриев\nСергей\nНиколаевич', 'Маслов Олег\nДмитриевич', 'Молоканова\nЛюдмила\nГригорьевна', 'Оганесян Юрий\nЦолакович', 'Сабельников\nАлексей\nВалентинович']",2003-11-18,2003,способ получения изотопа урана-237,Ядерные технологии и изотопы
19.08.2003,ЭЛЕКТРИЧЕСКИЙ КОНДЕНСАТОР,"патент
прекратил
действие,
перешел в
общественн
ое","['Займидорога\nОлег Антонович', 'Проценко Игорь\nЕвгеньевич', 'Самойлов\nВалентин\nНиколаевич']",2003-08-19,2003,электрический конденсатор,Оптические и лазерные системы
19.08.2003,"ГЕТЕРОГЕННАЯ СУБСТАНЦИЯ ДЛЯ
ВОЗДЕЙСТВИЯ НА
ЭЛЕКТРОМАГНИТНЫЕ ПОЛЯ -
ГЕТЕРОЭЛЕКТРИК (ВАРИАНТЫ)","достояние
патент
прекратил
действие,
перешел в
общественн
ое","['Займидорога\nОлег Антонович', 'Проценко Игорь\nЕвгеньевич', 'Самойлов\nВалентин\nНиколаевич']",2003-08-19,2003,гетерогенная субстанция для воздействия электромагнитные поля гетероэлектрик (варианты),Оптические и лазерные системы
19.08.2003,ЗЕРКАЛО,"достояние
патент
прекратил
действие,
перешел в
общественн
ое","['Займидорога\nОлег Антонович', 'Проценко Игорь\nЕвгеньевич', 'Самойлов\nВалентин\nНиколаевич']",2003-08-19,2003,зеркало,Оптические и лазерные системы
28.04.2003,"КОМПЛЕКС
АВТОМАТИЗИРОВАННОГО
КОНТРОЛЯ ЗА ПЕРЕМЕЩЕНИЕМ
ДЕЛЯЩИХСЯ И РАДИОАКТИВНЫХ
МАТЕРИАЛОВ","достояние
патент
прекратил
действие,
перешел в
общественн
ое","['Савушкин\nАндрей\nГеннадьевич', 'Хвастунов\nМихаил\nМихайлович', 'Чикалов М.Б', 'Ширикова А.Н.', 'Шишкин Ю.Б.']",2003-04-28,2003,комплекс автоматизированного контроля перемещением делящихся радиоактивных материалов,Системы детектирования и анализа материалов
21.05.2003,"СПОСОБ ПОЛУЧЕНИЯ
РАДИОИЗОТОПОВ","достояние
патент
прекратил
действие,
перешел в
общественн
ое","['Густова Марина\nВладимировна', 'Дмитриев\nСергей\nНиколаевич', 'Маслов Олег\nДмитри', 'Молоканова\nЛюдмила\nГригорьевна', 'Оганесян Юрий\nЦолакович', 'Сабельников\nАлексей\nВалентинович', 'Сыркин Виталий\nГригорьевич']",2003-05-21,2003,способ получения радиоизотопов,Ядерные технологии и изотопы
21.04.2003,"СПОСОБ ГЕНЕРАЦИИ
КОГЕРЕНТНОГО
ЭЛЕКТРОМАГНИТНОГО
ИЗЛУЧЕНИЯ И ДИПОЛЬНЫЙ
НАНОЛАЗЕР НА ЕГО ОСНОВЕ","патент
прекратил
действие,
перешел в
общественн
ое","['Займидорога\nОлег Антонович', 'Проценко Игорь\nЕвгеньевич', 'Самойлов\nВалентин\nНиколаевич']",2003-04-21,2003,способ генерации когерентного электромагнитного излучения дипольный нанолазер его основе,Оптические и лазерные системы
29.01.2003,"СПОСОБ ЭМИССИОННОГО
СПЕКТРАЛЬНОГО АНАЛИЗА
СОСТАВА ВЕЩЕСТВА И
УСТРОЙСТВО ДЛЯ ЕГО
ОСУЩЕСТВЛЕНИЯ","достояние
патент
прекратил
действие,
перешел в
общественн
ое","['Самойлов\nВалентин\nНиколаевич', 'Тютюнников\nСергей\nИванович', 'Шаляпин\nВалерий\nНиколаевич']",2003-01-29,2003,способ эмиссионного спектрального анализа состава вещества устройство для его осуществления,Измерительные системы и диагностика
30.09.2002,"ГЕНЕРАТОР МЕЧЕНЫХ
НЕЙТРОНОВ","достояние
патент
прекратил
действие,
перешел в
общественн
ое","['Авдейчиков\nВладимир\nВладимирович', 'Быстрицкий\nВячеслав\nМихайлович', 'Кадышевский\nВладимир\nГеоргиевич', 'Никитин\nВладимир\nАлексеевич', 'Сапожников\nМихаил\nГригорьевич', 'Сисакян Алексей\nНорайрович', 'Слепнев\nВячеслав\nМихайлович']",2002-09-30,2002,генератор меченых нейтронов,Измерительные системы и диагностика
04.09.2002,ГЕТЕРОГЕННЫЙ ФОТОЭЛЕМЕНТ,"достояние
патент
прекратил
действие,
перешел в
общественн
ое","['Займидорога\nОлег Антонович', 'Проценко Игорь\nЕвгеньевич', 'Самойлов\nВалентин\nНиколаевич']",2002-09-04,2002,гетерогенный фотоэлемент,Оптические и лазерные системы
23.08.2002,"МИКРОПОРИСТОЕ КВАРЦЕВОЕ
СТЕКЛО","достояние
патент
прекратил
действие,
перешел в
общественн
ое","['Пузынин Алексей\nИгоревич', 'Самойлов\nВалентин\nНиколаевич', 'Филин Сергей\nВладимирович']",2002-08-23,2002,микропористое кварцевое стекло,
08.08.2002,ФОТОЭЛЕМЕНТ,"достояние
патент
прекратил
действие,
перешел в
общественн
ое","['Займидорога\nОлег Антонович', 'Проценко Игорь\nЕвгеньевич', 'Самойлов\nВалентин\nНиколаевич']",2002-08-08,2002,фотоэлемент,Оптические и лазерные системы
11.06.2002,"СПОСОБ ПОЛУЧЕНИЯ ПРЕПАРАТА
СПИРУЛИНЫ, СОДЕРЖАЩЕЙ ХРОМ","достояние
патент
прекратил
действие,
перешел в
общественн
ое","['Мосулишвили\nЛигури\nМихайлович', 'Белокобыльский\nАлим Иванович', 'Киркесали Елена\nИвановна', 'Фронтасьева\nМарина\nВладимировна', 'Павлов Сергей\nСергеевич']",2002-06-11,2002,"способ получения препарата спирулины, содержащей хром",Измерительные системы и диагностика
22.03.2002,ФОТОКАТОД,"достояние
патент
прекратил
действие,
перешел в
общественн
ое","['Займидорога\nОлег Антонович', 'Проценко Игорь\nЕвгеньевич', 'Самойлов\nВалентин\nНиколаевич']",2002-03-22,2002,фотокатод,Оптические и лазерные системы
03.01.2002,ОПТИЧЕСКОЕ СТЕКЛО,"достояние
патент
прекратил
действие,
перешел в
общественн
ое","['Займидорога\nОлег Антонович', 'Проценко Игорь\nЕвгеньевич', 'Самойлов\nВалентин\nНиколаевич']",2002-01-03,2002,оптическое стекло,
20.11.2001,"УСТРОЙСТВО ОБНАРУЖЕНИЯ
СКРЫТЫХ ВЕЩЕСТВ","достояние
патент
прекратил
действие,
перешел в
общественн
ое","['Быстрицкий\nВячеслав\nМихайлович', 'Иванов\nАлександр\nИванович', 'Кадышевский\nВладимир\nГеоргиевич', 'Кравченко\nНиколай\nЭммануилович', 'Недачин Юрий\nКонстантинович', 'Сапожников\nМихаил\nГригорьевич', 'Сисакян\nАлексей\nНорайрович', 'Ухлинов Л.М.']",2001-11-20,2001,устройство обнаружения скрытых веществ,Системы детектирования и анализа материалов
05.10.2001,"СПОСОБ МНОГОЭЛЕМЕНТНОЙ
ИОННОЙ ИМПЛАНТАЦИИ","достояние
3аявка
отозвана","['Реутов Валерий\nФилиппович', 'Ефремов\nАндрей\nАлександрович', 'Дмитриев Сергей\nНиколаевич']",2001-10-05,2001,способ многоэлементной ионной имплантации,Измерительные системы и диагностика
24.09.2001,"СПОСОБ ОБЕЗВРЕЖИВАНИЯ
ВЫСОКОТОКСИЧНЫХ
СОЕДИНЕНИЙ","патент
прекратил
действие,
перешел в
общественн
ое","['Бутцев Владимир\nСтепанович', 'Зулькарнеев\nРафаиль\nЯкубович']",2001-09-24,2001,способ обезвреживания высокотоксичных соединений,Измерительные системы и диагностика
27.07.2001,"СПОСОБ ДИАГНОСТИКИ ПУЧКА
ЧАСТИЦ В УСКОРИТЕЛЕ","патент
прекратил
действие,
перешел в
общественн
ое","['Мешков Игорь\nНиколаевич', 'Парфенов\nАлександр\nНиколаевич', 'Бровко Олег\nИгоревич']",2001-07-27,2001,способ диагностики пучка частиц ускорителе,Измерительные системы и диагностика
22.06.2001,ИОННЫЙ ИСТОЧНИК,"достояние
патент
прекратил
действие,
перешел в
общественн
ое","['Донец Евгений\nДенисович', 'Донец Денис\nЕвгеньевич', 'Донец Евгений\nЕвгеньевич']",2001-06-22,2001,ионный источник,Ускорители частиц и системы фокусировки
26.04.2001,"ДЕТЕКТОР ДЕЛЯЩИХСЯ
МАТЕРИАЛОВ","достояние
патент
прекратил
действие,
перешел в
общественн
ое","['Хвастунов\nМихаил\nМихайлович', 'Иванов А.И.', 'Лущиков\nВладислав\nИванович', 'Мазный Н.Г.', 'Роланд Марк\nСтефан', 'Шабалин Евгений\nПавлович']",2001-04-26,2001,детектор делящихся материалов,Оптические и лазерные системы
26.04.2001,"УСТРОЙСТВО ДЛЯ ОБНАРУЖЕНИЯ
РАДИОАКТИВНЫХ МАТЕРИАЛОВ","достояние
патент
прекратил
действие,
перешел в
общественн
ое","['Хвастунов\nМихаил\nМихайлович', 'Зайцев Е.И.', 'Иванов А.И.', 'Кравченко Н.Э.', 'Лущиков В.И.', 'Недачин Ю.К.', 'Чернихов А.В.']",2001-04-26,2001,устройство для обнаружения радиоактивных материалов,Системы детектирования и анализа материалов
15.03.2001,"СПОСОБ ПОЛУЧЕНИЯ
СЕЛЕНСОДЕРЖАЩЕГО
ПРЕПАРАТА БИОМАССЫ
СПИРУЛИНЫ","достояние
патент
прекратил
действие,
перешел в
общественн
ое","['Мосулишвили\nЛигури\nМихайлович', 'Белокобыльский\nАлим Иванович', 'Хизанишвили\nАнна Ивановна', 'Киркесали\nЕлена Ивановна', 'Фронтасьева\nМарина\nВладимировна', 'Павлов Сергей\nСергеевич']",2001-03-15,2001,способ получения селенсодержащего препарата биомассы спирулины,Измерительные системы и диагностика
23.06.2000,"СИСТЕМА МНОГОСТЕРЖНЕВЫХ
ЭЛЕКТРОДОВ НАНО- И
СУБМИКРОННЫХ ДИАМЕТРОВ ДЛЯ
ЭЛЕКТРОЭРОЗИОННОЙ
ОБРАБОТКИ ПОВЕРХНОСТЕЙ
ТВЕРДЫХ ТЕЛ","достояние
патент
прекратил
действие,
перешел в
общественн
ое","['Дмитриев Сергей\nНиколаевич', 'Реутов Валерий\nФилиппович', 'Реутов Игорь\nВалерьевич']",2000-06-23,2000,система многостержневых электродов нано- субмикронных диаметров для электроэрозионной обработки поверхностей твердых тел,Оптические и лазерные системы
05.04.2000,"СПОСОБ ИОННОГО ЛЕГИРОВАНИЯ
ТВЕРДЫХ ТЕЛ","достояние
патент
прекратил
действие,
перешел в
общественн
ое","['Реутов Валерий\nФилиппович', 'Дмитриев\nСергей\nНиколаевич']",2000-04-05,2000,способ ионного легирования твердых тел,Измерительные системы и диагностика
30.03.2000,"СПОСОБ ТРАНСМУТАЦИИ
ДОЛГОЖИВУЩИХ
РАДИОАКТИВНЫХ ИЗОТОПОВ В
КОРОТКОЖИВУЩИЕ ИЛИ
СТАБИЛЬНЫЕ","достояние
патент
прекратил
действие,
перешел в
общественн
ое","['Бутцев Владимир\nСтепанович', 'Бутцев Галина\nЛеонидовна', 'Зулькарнеев\nРафаиль\nЯкубович']",2000-03-30,2000,способ трансмутации долгоживущих радиоактивных изотопов короткоживущие или стабильные,Измерительные системы и диагностика
06.08.1999,НОСИТЕЛЬ ИНФОРМАЦИИ,"достояние
патент
прекратил
действие,
перешел в
общественн
ое","['Апель Павел\nЮрьевич', 'Белоусов Борис\nИльич', 'Жданов Геннадий\nСтепанович', 'Белоусов Антон\nБорисович', 'Дидык\nАлександр\nЮрьевич', 'Дмитриев Сергей\nНиколаевич', 'Карпухина\nЛюдмила\nГригорьевна', 'Кудояров\nМихаил\nФедорович', 'Оганесян\nЮрий\nЦолакович', 'Фурсов\nБорис\nИванович']",1999-08-06,1999,носитель информации,Оптические и лазерные системы
26.04.1999,"СПОСОБ УСКОРЕНИЯ И
ФОКУСИРОВКИ ЗАРЯЖЕННЫХ
ЧАСТИЦ ПОСТОЯННЫМ
ЭЛЕКТРИЧЕСКИМ ПОЛЕМ И
УСТРОЙСТВО ДЛЯ ЕГО
ОСУЩЕСТВЛЕНИЯ","достояние
патент
прекратил
действие,
перешел в
общественн
ое",['Тарантин\nНиколай\nИванович'],1999-04-26,1999,способ ускорения фокусировки заряженных частиц постоянным электрическим полем устройство для его осуществления,Ускорители частиц и системы фокусировки
18.02.1999,"СПОСОБ МОНИТОРИРОВАНИЯ
ПЕРЕМЕЩАЮЩИХСЯ ОБЪЕКТОВ
НА ПРЕДМЕТ ОБНАРУЖЕНИЯ
ДЕЛЯЩИХСЯ ЯДЕРНЫХ
МАТЕРИАЛОВ","достояние
патент
прекратил
действие,
перешел в
общественн
ое","['Хвастунов\nМихаил\nМихайлович', 'Зайцев Е.И.', 'Иванов А.И.', 'Недачин Юрий\nКонстантинович', 'Горев А.В.', 'Кравченко Н.Э.', 'Пугачев А.Н.', 'Рымшин В.Д.', 'Савушкин\nА.Г.', 'Скорик Ю.И.', 'Шишкин Ю.Б.']",1999-02-18,1999,способ мониторирования перемещающихся объектов предмет обнаружения делящихся ядерных материалов,Системы детектирования и анализа материалов
11.02.1999,"СПОСОБ ОПРЕДЕЛЕНИЯ
СРЕДНЕГО ЗАРЯДА ОТ
НЕЙТРОНОВ В ИМПУЛЬСЕ
КАМЕРЫ ДЕЛЕНИЯ","достояние
патент
прекратил
действие,
перешел в
общественн
ое
достояние","['Чукляев Сергей\nВасильевич', 'Пепелышев\nЮрий\nНиколаевич', 'Кошелев\nАлександр\nСергеевич', 'Одинцов Юрий\nМитрофанович']",1999-02-11,1999,способ определения среднего заряда нейтронов импульсе камеры деления,Измерительные системы и диагностика
25.12.1998,"СПОСОБ ИЗГОТОВЛЕНИЯ
СУБМИКРОННЫХ ТРУБЧАТЫХ
МЕТАЛЛИЧЕСКИХ РЕПЛИК С
ТРЕКОВЫХ МЕМБРАН","патент
прекратил
действие,
перешел в
общественн
ое","['Реутов Валерий\nФилиппович', 'Дмитриев\nСергей\nНиколаевич']",1998-12-25,1998,способ изготовления субмикронных трубчатых металлических реплик трековых мембран,Мембранные и фильтрующие технологии
12.10.1998,"БЛОК ДЕТЕКТОРОВ ДЛЯ
ИЗМЕРЕНИЯ ПОТОКА НЕЙТРОНОВ","достояние
патент
прекратил
действие,
перешел в
общественн
ое
достояние","['Чукляев Сергей\nВасильевич', 'Пепелышев\nЮрий\nНиколаевич', 'Артемьев\nВалерий\nАнатольевич']",1998-10-12,1998,блок детекторов для измерения потока нейтронов,Измерительные системы и диагностика
02.10.1998,"СПОСОБ ПАСПОРТИЗАЦИИ И
КОНТРОЛЯ СОХРАННОСТИ
ИЗДЕЛИЙ ИЗ ЯДЕРНЫХ
МАТЕРИАЛОВ","патент
прекратил
действие,
перешел в
общественн
ое","['Иванов\nАлександр\nИванович', 'Лущиков\nВладислав\nИванович']",1998-10-02,1998,способ паспортизации контроля сохранности изделий ядерных материалов,Системы детектирования и анализа материалов
18.11.1996,ТРЕКОВАЯ МЕМБРАНА,"достояние
патент
прекратил
действие,
перешел в
общественн
ое","['Демкин\nВладислав\nПетрович', 'Кузнецов\nВладислав\nИванович', 'Никитский Юрий\nДмитриевич', 'Тычков Юрий\nИгоревич', 'Шестаков\nВладимир\nДмитриевич']",1996-11-18,1996,трековая мембрана,Мембранные и фильтрующие технологии
20.01.1998,"УСТРОЙСТВО ДЛЯ ОБНАРУЖЕНИЯ
РАДИОАКТИВНЫХ МАТЕРИАЛОВ","достояние
патент
прекратил
действие,
перешел в
общественн
ое","['Горев А.В.', 'Громов А.Б.', 'Иванов А.И.', 'Кравченко Н.Э.', 'Пугачев А.Н.', 'Савушкин А.Г.', 'Хвастунов\nМихаил\nМихайлович', 'Шишкин Ю.Б.', 'Зайцев Е.И.', 'Недачин\nЮрий\nКонстантино\nвич', 'Рымшин В.Д.']",1998-01-20,1998,устройство для обнаружения радиоактивных материалов,Системы детектирования и анализа материалов
23.07.1996,"СПОСОБ ПОЛУЧЕНИЯ
МЕТАЛЛИЧЕСКОЙ РЕПЛИКИ ДЛЯ
АНАЛИЗА НАНОМЕТРИЧЕСКИХ
КАНАЛОВ В ТРЕКОВЫХ
МЕМБРАНАХ","достояние
патент
прекратил
действие,
перешел в
общественн
ое","['Дмитриев Сергей\nНиколаевич', 'Реутов Валерий\nФилиппович', 'Сохацкий\nАлександр\nСтаниславович']",1996-07-23,1996,способ получения металлической реплики для анализа нанометрических каналов трековых мембранах,Мембранные и фильтрующие технологии
18.04.1996,"СИСТЕМА РАЗЛОЖЕНИЯ
ТОКСИЧНЫХ СОЕДИНЕНИЙ","достояние
патент
прекратил
действие,
перешел в
общественн
ое","['Коренев Сергей\nАлександрович', 'Самойлов\nВалентин\nНиколаевич']",1996-04-18,1996,система разложения токсичных соединений,Оптические и лазерные системы
12.02.1996,"СПОСОБ ПОДЗЕМНОГО
ЗАХОРОНЕНИЯ ЖИДКИХ
РАДИОАКТИВНЫХ ОТХОДОВ","достояние
патент
прекратил
действие,
перешел в
общественн
ое","['Болтыров В.Б.', 'Лущиков\nВладислав\nИванович', 'Лучинин В.И.', 'Марков С.Н.']",1996-02-12,1996,способ подземного захоронения жидких радиоактивных отходов,Измерительные системы и диагностика
01.12.1995,"ЭЛЕКТРОННО-ЛУЧЕВОЕ
УСТРОЙСТВО ДЛЯ РАЗЛОЖЕНИЯ
ПРОМЫШЛЕННЫХ ГАЗОВЫХ
ОТХОДОВ","достояние
патент
прекратил
действие,
перешел в
общественн
ое","['Коренев Сергей\nАлександрович', 'Коренев А.С.']",1995-12-01,1995,электронно-лучевое устройство для разложения промышленных газовых отходов,Измерительные системы и диагностика
13.11.1995,ФИЛЬТРОВАЛЬНАЯ УСТАНОВКА,"достояние
патент
прекратил
действие,
перешел в
общественн
ое","['Демкин\nВладислав\nПетрович', 'Конькова\nНаталья\nАлександровна', 'Кузьмин\nВладимир\nВладимирович', 'Шестаков\nВладимир\nДмитриевич', 'Кузнецов\nВладислав\nИванович']",1995-11-13,1995,фильтровальная установка,Оптические и лазерные системы
02.12.1994,"СПОСОБ ИЗГОТОВЛЕНИЯ
ТРЕКОВЫХ МЕМБРАН","достояние
патент
прекратил
действие,
перешел в
общественн
ое","['Оганесян Юрий\nЦолакович', 'Дмитриев\nСергей\nНиколаевич', 'Дидык Александр\nЮрьевич', 'Щеголев\nВладислав\nАлександрович', 'Апель Павел\nЮрьевич', 'Бескровный\nСергей Иванович']",1994-12-02,1994,способ изготовления трековых мембран,Мембранные и фильтрующие технологии
17.11.1994,ЧИСТОЕ ПОМЕЩЕНИЕ,"достояние
патент
прекратил
действие,
перешел в
общественн
ое","['Кузнецов\nВладислав\nИванович', 'Тычков Юрий\nИгоревич', 'Шестаков\nВладимир\nДмитриевич', 'Демкин\nВладислав\nПетрович', 'Смольков\nАлександр\nВладимирович']",1994-11-17,1994,чистое помещение,Оптические и лазерные системы
20.10.1994,"МАГНЕТРОН ЦИЛИНДРИЧЕСКОГО
ТИПА ДЛЯ НАПЫЛЕНИЯ
ВНУТРЕННЕЙ ПОВЕРХНОСТИ ТЕЛ","патент
прекратил
действие,
перешел в
общественн
ое",['Балалыкин\nНиколай\nИванович'],1994-10-20,1994,магнетрон цилиндрического типа для напыления внутренней поверхности тел,Оптические и лазерные системы
27.05.1994,ИОННЫЙ ИСТОЧНИК,"достояние
патент
прекратил
действие,
перешел в
общественн
ое","['Донец Евгений\nДенисович', 'Донец Денис\nЕвгеньевич', 'Донец Евгений\nЕвгеньевич']",1994-05-27,1994,ионный источник,Ускорители частиц и системы фокусировки
20.06.1994,"УСТРОЙСТВО ДЛЯ ИЗМЕРЕНИЯ
МАГНИТНОГО ПОЛЯ","достояние
патент
прекратил
действие,
перешел в
общественн
ое",['Саванеев\nВладимир\nПетрович'],1994-06-20,1994,устройство для измерения магнитного поля,Измерительные системы и диагностика
13.07.1993,"СПОСОБ ИЗГОТОВЛЕНИЯ
ПОЛИПРОПИЛЕНОВЫХ ТРЕКОВЫХ
МЕМБРАН","достояние
патент
прекратил
действие,
перешел в
общественн
ое","['Апель Павел\nЮрьевич', 'Дмитриев\nСергей\nНиколаевич', 'Кравец Любовь\nИвановна', 'Оганесян Юрий\nЦолакович']",1993-07-13,1993,способ изготовления полипропиленовых трековых мембран,Мембранные и фильтрующие технологии
08.06.1993,"СПОСОБ ИЗГОТОВЛЕНИЯ И
УСТАНОВКИ НА ПУЧОК
УСКОРЕННЫХ ИОНОВ
ГРАФИТОВОЙ ФОЛЬГИ","достояние
патент
прекратил
действие,
перешел в
общественн
ое","['Гикал Борис\nНиколаевич', 'Тетерев Юрий\nГеннадьевич', 'Тихомиров\nАлександр\nВасильевич']",1993-06-08,1993,способ изготовления установки пучок ускоренных ионов графитовой фольги,Ускорители частиц и системы фокусировки
06.06.1993,УЗЕЛ СВЯЗИ,"достояние
патент
прекратил
действие,
перешел в
общественн
ое","['Василенко\nАлексей\nТихонович', 'Подкладкин\nСергей Юрьевич']",1993-06-06,1993,узел связи,Оптические и лазерные системы
28.05.1993,"ЭКРАН ЭЛЕКТРОННО-ЛУЧЕВОЙ
ТРУБКИ","достояние
патент
прекратил
действие,
перешел в
общественн
ое","['Зрелов Валентин\nПетрович', 'Ружичка Ян', 'Шешунов В.М.', 'Журов В.Е.']",1993-05-28,1993,экран электронно-лучевой трубки,Оптические и лазерные системы
29.03.1993,МАГНИТНЫЙ КАНАЛ,"достояние
патент
прекратил
действие,
перешел в
общественн
ое",['Тарантин\nНиколай\nИванович'],1993-03-29,1993,магнитный канал,Сверхпроводимость и магнитные системы
23.03.1993,"УСТРОЙСТВО ДЛЯ РЕГЕНЕРАЦИИ
АДСОРБЕНТА ОТ ГАЗООБРАЗНЫХ
ПРИМЕСЕЙ","достояние
патент
прекратил
действие,
перешел в
общественн
ое","['Пряничников\nВиктор Иванович', 'Пряничников\nМаксим\nВикторович', 'Аленицкий Юрий\nГригорьевич', 'Либург Марсель\nЮзович', 'Новиков\nАлександр\nВладимирович']",1993-03-23,1993,устройство для регенерации адсорбента газообразных примесей,Измерительные системы и диагностика
16.02.1993,"СПОСОБ ИЗГОТОВЛЕНИЯ
ПОЛИПРОПИЛЕНОВЫХ ТРЕКОВЫХ
МЕМБРАН","достояние
патент
прекратил
действие,
перешел в
общественн
ое","['Апель Павел\nЮрьевич', 'Кравец Любовь\nИвановна', 'Оганесян Юрий\nЦолакович']",1993-02-16,1993,способ изготовления полипропиленовых трековых мембран,Мембранные и фильтрующие технологии
15.01.1993,"СПОСОБ ПОЛУЧЕНИЯ ИЗОТОПА Рu-
237","достояние
патент
прекратил
действие,
перешел в
общественн
ое","['Оганесян Юрий\nЦолакович', 'Дмитриев\nСергей\nНиколаевич', 'Стародуб\nГеннадий\nЯковлевич', 'Юшкевич Юрий\nВячеславович', 'Новгородов\nАлександр\nФедорович', 'Букланов Герман\nВладимирович']",1993-01-15,1993,способ получения изотопа рu- 237,Ядерные технологии и изотопы
15.01.1993,"СПОСОБ ИЗГОТОВЛЕНИЯ
ПОЛИПРОПИЛЕНОВЫХ ТРЕКОВЫХ
МЕМБРАН","достояние
патент
прекратил
действие,
перешел в
общественн
ое","['Апель Павел\nЮрьевич', 'Кравец Любовь\nИвановна']",1993-01-15,1993,способ изготовления полипропиленовых трековых мембран,Мембранные и фильтрующие технологии
15.01.1993,"СПОСОБ ПОВЫШЕНИЯ СКОРОСТИ
ТРАВЛЕНИЯ ТРЕКОВ ТЯЖЕЛЫХ
ЗАРЯЖЕННЫХ ЧАСТИЦ В
ПОЛИПРОПИЛЕНЕ","патент
прекратил
действие,
перешел в
общественн
ое","['Апель Павел\nЮрьевич', 'Кравец Любовь\nИвановна']",1993-01-15,1993,способ повышения скорости травления треков тяжелых заряженных частиц полипропилене,Ускорители частиц и системы фокусировки
15.01.1993,"СПОСОБ ПОЛУЧЕНИЯ ИЗОТОПА U-
237","достояние
патент
прекратил
действие,
перешел в
общественн
ое","['Оганесян Юрий\nЦолакович', 'Дмитриев\nСергей\nНиколаевич', 'Стародуб\nГеннадий\nЯковлевич', 'Юшкевич Юрий\nВячеславович', 'Новгородов\nАлександр\nФедорович', 'Букланов Герман\nВладимирович']",1993-01-15,1993,способ получения изотопа 237,Ядерные технологии и изотопы
01.07.1992,"УСТРОЙСТВО ДЛЯ ОБЛУЧЕНИЯ
ПЛЕНКИ","достояние
патент
прекратил
действие,
перешел в
общественн
ое","['Алдошин\nАлександр\nСтефанович', 'Барсуков Игорь\nБорисович', 'Башевой Валерий\nВладимирович', 'Воробьев\nЕвгений\nДмитриевич', 'Кузнецов\nВладислав\nИванович', 'Никитский Юрий\nДмитриевич', 'Тычков Юрий\nИгоревич', 'Шестаков\nВладимир\nДмитриевич']",1992-07-01,1992,устройство для облучения пленки,Измерительные системы и диагностика
01.07.1992,"СПОСОБ ИЗГОТОВЛЕНИЯ
ФИЛЬТРУЮЩЕГО МАТЕРИАЛА","достояние
патент
прекратил
действие,
перешел в
общественн
ое","['Алдошин\nАлександр\nСтефанович', 'Барсуков Игорь\nБорисович', 'Воробьев\nЕвгений\nДмитриевич', 'Кузнецов\nВладислав\nИванович', 'Никитский Юрий\nДмитриевич', 'Тычков Юрий\nИгоревич', 'Шестаков\nВладимир\nДмитриевич']",1992-07-01,1992,способ изготовления фильтрующего материала,Мембранные и фильтрующие технологии
24.06.1992,"СТАБИЛИЗАТОР ПОСТОЯННОГО
ТОКА","достояние
патент
прекратил
действие,
перешел в
общественн
ое",['Калинниченко\nВалентин\nВасильевич'],1992-06-24,1992,стабилизатор постоянного тока,Сверхпроводимость и магнитные системы
22.06.1992,"СТАБИЛИЗАТОР ПОСТОЯННОГО
ТОКА","достояние
патент
прекратил
действие,
перешел в
общественн
ое",['Калинниченко\nВалентин\nВасильевич'],1992-06-22,1992,стабилизатор постоянного тока,Сверхпроводимость и магнитные системы
22.06.1992,"СТАБИЛИЗАТОР ПОСТОЯННОГО
ТОКА","достояние
патент
прекратил
действие,
перешел в
общественн
ое",['Калинниченко\nВалентин\nВасильевич'],1992-06-22,1992,стабилизатор постоянного тока,Сверхпроводимость и магнитные системы
18.06.1992,"СПОСОБ ОПРЕДЕЛЕНИЯ
ОТНОШЕНИЯ КОНЦЕНТРАЦИЙ
ИЗОТОПОВ УРАНА- 235 И УРАНА-
238","достояние
патент
прекратил
действие,
перешел в
общественн
ое","['Чубурков Юрий\nТимофеевич', 'Перелыгин\nВладимир\nПавлович']",1992-06-18,1992,способ определения отношения концентраций изотопов урана- 235 урана- 238,Ядерные технологии и изотопы
15.06.1992,ТВЕРДОТЕЛЬНЫЙ СЦИНТИЛЛЯТОР,"достояние
патент
прекратил
действие,
перешел в
общественн
ое","['Зрелов Валентин\nПетрович', 'Ружичка Ян', 'Файнор\nВладимир', 'Павлович Петр', 'Кухта Любомир', 'Есенак Карол']",1992-06-15,1992,твердотельный сцинтиллятор,Оптические и лазерные системы
01.06.1992,"СТАБИЛИЗАТОР ПОСТОЯННОГО
ТОКА","достояние
патент
прекратил
действие,
перешел в
общественн
ое",['Калинниченко\nВалентин\nВасильевич'],1992-06-01,1992,стабилизатор постоянного тока,Сверхпроводимость и магнитные системы
17.04.1992,"СТАБИЛИЗАТОР ПОСТОЯННОГО
ТОКА","достояние
патент
прекратил
действие,
перешел в
общественн
ое",['Калинниченко\nВалентин\nВасильевич'],1992-04-17,1992,стабилизатор постоянного тока,Сверхпроводимость и магнитные системы
17.04.1992,"СТАБИЛИЗАТОР ПОСТОЯННОГО
ТОКА","достояние
патент
прекратил
действие,
перешел в
общественн
ое",['Калинниченко\nВалентин\nВасильевич'],1992-04-17,1992,стабилизатор постоянного тока,Сверхпроводимость и магнитные системы
28.06.1991,"СПОСОБ ОПРЕДЕЛЕНИЯ
СОДЕРЖАНИЯ И
ПРОСТРАНСТВЕННОГО
РАСПРЕДЕЛЕНИЯ ВИСМУТА","патент
прекратил
действие,
перешел в
общественн
ое","['Перелыгин\nВладимир\nПавлович', 'Стеценко\nСтанислав\nГеоргиевич']",1991-06-28,1991,способ определения содержания пространственного распределения висмута,Измерительные системы и диагностика
27.06.1991,"ИЗМЕРИТЕЛЬНЫЙ
ПРЕОБРАЗОВАТЕЛЬ
ПОСТОЯННОГО ТОКА","достояние
патент
прекратил
действие,
перешел в
общественн
ое",['Калинниченко\nВалентин\nВасильевич'],1991-06-27,1991,измерительный преобразователь постоянного тока,Сверхпроводимость и магнитные системы
24.06.1991,"СТАБИЛИЗАТОР ПОСТОЯННОГО
РЕГУЛИРУЕМОГО ТОКА","достояние
патент
прекратил
действие,
перешел в
общественн
ое",['Калинниченко\nВалентин\nВасильевич'],1991-06-24,1991,стабилизатор постоянного регулируемого тока,Сверхпроводимость и магнитные системы
20.06.1991,"УСТРОЙСТВО ДЛЯ ИЗМЕРЕНИЯ
СООТНОШЕНИЯ РАСХОДОВ
КОМПОНЕНТОВ ДВУХФАЗНОЙ
СРЕДЫ","достояние
патент
прекратил
действие,
перешел в
общественн
ое","['Алексеев А.И.', 'Мамедов Игорь\nСадыкович', 'Филиппов Юрий\nПетрович']",1991-06-20,1991,устройство для измерения соотношения расходов компонентов двухфазной среды,Измерительные системы и диагностика
20.05.1991,"СПОСОБ ИНЖЕКЦИИ ПУЧКА В
НАКОПИТЕЛЬНОЕ КОЛЬЦО","достояние
патент
прекратил
действие,
перешел в
общественн
ое",['Козлов С.И.'],1991-05-20,1991,способ инжекции пучка накопительное кольцо,Измерительные системы и диагностика
08.05.1991,ОНДУЛЯТОР,"достояние
патент
прекратил
действие,
перешел в
общественн
ое",['Сороко Лев\nМаркович'],1991-05-08,1991,ондулятор,Оптические и лазерные системы
07.05.1991,ОНДУЛЯТОР,"достояние
патент
прекратил
действие,
перешел в
общественн
ое",['Сороко Лев\nМаркович'],1991-05-07,1991,ондулятор,Оптические и лазерные системы
05.05.1991,"СТАБИЛИЗАТОР ПОСТОЯННОГО
РЕГУЛИРУЕМОГО ТОКА","достояние
патент
прекратил
действие,
перешел в
общественн
ое",['Калинниченко\nВалентин\nВасильевич'],1991-05-05,1991,стабилизатор постоянного регулируемого тока,Сверхпроводимость и магнитные системы
05.04.1991,"СПОСОБ ФОРМИРОВАНИЯ
ИМПУЛЬСА УСКОРЯЮЩЕГО
ЭЛЕКТРИЧЕСКОГО ПОЛЯ И
УСТРОЙСТВО ДЛЯ ЕГО
ОСУЩЕСТВЛЕНИЯ","достояние
патент
прекратил
действие,
перешел в
общественн
ое",['Сидоров А.И.'],1991-04-05,1991,способ формирования импульса ускоряющего электрического поля устройство для его осуществления,Измерительные системы и диагностика
27.02.1991,"МАСС-СПЕКТРОМЕТР
ЦИКЛОТРОННОГО ТИПА","достояние
патент
прекратил
действие,
перешел в
общественн
ое",['Козлов С.И.'],1991-02-27,1991,масс-спектрометр циклотронного типа,Оптические и лазерные системы
25.01.1991,"СПОСОБ ПОЛУЧЕНИЯ
МИКРОФИЛЬТРАЦИОННОЙ
МЕМБРАНЫ","достояние
патент
прекратил
действие,
перешел в
общественн
ое","['Кравец Любовь\nИвановна', 'Апель Павел\nЮрьевич', 'Алтынов\nВладимир\nАлексеевич']",1991-01-25,1991,способ получения микрофильтрационной мембраны,Мембранные и фильтрующие технологии
27.12.1990,ЭЛЕКТРОННОЕ УСТРОЙСТВО,"достояние
патент
прекратил
действие,
перешел в
общественн
ое",['Филиппов Юрий\nПетрович'],1990-12-27,1990,электронное устройство,Измерительные системы и диагностика
29.11.1990,"НАКОПИТЕЛЬ
НИЗКОЭНЕРГЕТИЧНЫХ ТЯЖЕЛЫХ
ИОНОВ","патент
прекратил
действие,
перешел в
общественн
ое",['Козлов С.И.'],1990-11-29,1990,накопитель низкоэнергетичных тяжелых ионов,Ускорители частиц и системы фокусировки
02.07.1990,"МАГНИТНЫЙ ФОРМИРОВАТЕЛЬ
ИМПУЛЬСОВ","достояние
не
действует",['Сидоров Алексей\nИванович'],1990-07-02,1990,магнитный формирователь импульсов,Сверхпроводимость и магнитные системы
03.05.1990,"ДЕТЕКТОР ПОЛНОГО
ПОГЛОЩЕНИЯ","не
действует","['Акимов Д.Ю.', 'Акимов Юрий\nКонстантинович']",1990-05-03,1990,детектор полного поглощения,Оптические и лазерные системы
26.02.1990,"УСТРОЙСТВО ДЛЯ ИЗМЕРЕНИЯ
ЭНЕРГЕТИЧЕСКОГО СПЕКТРА
ФОТОЭЛЕКТРОНОВ","не
действует",['Матора Иван\nМаксимович'],1990-02-26,1990,устройство для измерения энергетического спектра фотоэлектронов,Измерительные системы и диагностика
21.11.1989,"СПЕКТРОМЕТРИЧЕСКИЙ
УСИЛИТЕЛЬ","не
действует","['До Хоанг Кыонг', 'Калинин\nАнатолий\nИванович']",1989-11-21,1989,спектрометрический усилитель,Оптические и лазерные системы
31.07.1989,"СПОСОБ ОПРЕДЕЛЕНИЯ
ЭНЕРГОВЫДЕЛЕНИЯ В ДЕТЕКТОРЕ","не
действует",['Калинин\nАнатолий\nИванович'],1989-07-31,1989,способ определения энерговыделения детекторе,Измерительные системы и диагностика
20.07.1989,"СПОСОБ КОНТРОЛЯ СВЕТОВОЙ
ЭНЕРГИИ ТРЕКОВ В СТРИМЕРНОЙ
КАМЕРЕ","не
действует","['Аксиненко В.Д.', 'Глаголева Н.С.', 'Матюшин\nВалентин\nТарасович', 'Матюшин\nАлександр\nТарасович', 'Саитов Ирек\nСуфьянович']",1989-07-20,1989,способ контроля световой энергии треков стримерной камере,Измерительные системы и диагностика
19.06.1989,"СПОСОБ ОПРЕДЕЛЕНИЯ ПРОФИЛЯ
КОНЦЕНТРАЦИИ ЛЕГКИХ ЯДЕР ПО
ГЛУБИНЕ ОБРАЗЦА","не
действует",['Тетерев Юрий\nГеннадьевич'],1989-06-19,1989,способ определения профиля концентрации легких ядер глубине образца,Измерительные системы и диагностика
26.10.1988,СЦИНТИЛЛЯЦИОННЫЙ СЧЕТЧИК,"не
действует",['Козубский\nЭдуард\nВикторович'],1988-10-26,1988,сцинтилляционный счетчик,Детекторы нейтронов и частиц
15.04.1988,"ИМПУЛЬСНЫЙ ИСТОЧНИК
ЭЛЕКТРОНОВ","патент
прекратил
действие,
перешел в
общественн
ое",['Коренев Сергей\nАлександрович'],1988-04-15,1988,импульсный источник электронов,Ускорители частиц и системы фокусировки
29.02.1988,КАТОД СО ВЗРЫВНОЙ ЭМИССИЕЙ,"достояние
не
действует","['Коренев Сергей\nАлександрович', 'Баранов А.М.']",1988-02-29,1988,катод взрывной эмиссией,Оптические и лазерные системы
11.01.1988,"ЭЛЕКТРОННАЯ ПУШКА ДЛЯ
ПОВЕРХНОСТНОЙ ОБРАБОТКИ
МАТЕРИАЛА","не
действует",['Коренев Сергей\nАлександрович'],1988-01-11,1988,электронная пушка для поверхностной обработки материала,Оптические и лазерные системы
07.09.1987,"СПОСОБ ИЗМЕРЕНИЯ
ПОСТОЯННОГО МАГНИТНОГО
ПОЛЯ НА ОСНОВЕ ЯДЕРНОГО
МАГНИТНОГО РЕЗОНАНСА","не
действует",['Лачинов В.М.'],1987-09-07,1987,способ измерения постоянного магнитного поля основе ядерного магнитного резонанса,Измерительные системы и диагностика
17.07.1987,"ДИОД СО ВЗРЫВОЭМИССИОННЫМ
КАТОДОМ","не
действует",['Коренев Сергей\nАлександрович'],1987-07-17,1987,диод взрывоэмиссионным катодом,Оптические и лазерные системы
08.06.1987,"УСТРОЙСТВО ДЛЯ
ТРАНСПОРТИРОВКИ
СИЛЬНОТОЧНОГО ПУЧКА
ЭЛЕКТРОНОВ","не
действует",['Коренев Сергей\nАлександрович'],1987-06-08,1987,устройство для транспортировки сильноточного пучка электронов,Измерительные системы и диагностика
02.02.1987,"РАЗРЯДНИК СО СКОЛЬЗЯЩИМ
РАЗРЯДОМ","не
действует",['Коренев Сергей\nАлександрович'],1987-02-02,1987,разрядник скользящим разрядом,
11.07.1986,ВЗРЫВОЭМИССИОННЫЙ ДИОД,"не
действует",['Коренев Сергей\nАлександрович'],1986-07-11,1986,взрывоэмиссионный диод,Оптические и лазерные системы
11.07.1986,"ВЗРЫВОЭМИССИОННЫЙ
ИСТОЧНИК ИОНОВ","не
действует",['Коренев Сергей\nАлександрович'],1986-07-11,1986,взрывоэмиссионный источник ионов,Ускорители частиц и системы фокусировки
28.10.1985,ТРИГАТРОННЫЙ РАЗРЯДНИК,"патент
прекратил
действие,
перешел в
общественн
ое",['Коренев Сергей\nАлександрович'],1985-10-28,1985,тригатронный разрядник,
11.03.1985,РАЗРЯДНИК,"не
действует",['Коренев Сергей\nАлександрович'],1985-03-11,1985,разрядник,
02.11.1984,ВЗРЫВОЭМИССИОННЫЙ ДИОД,"не
действует",['Коренев Сергей\nАлександрович'],1984-11-02,1984,взрывоэмиссионный диод,Оптические и лазерные системы
13.04.1984,"ПЛАЗМЕННЫЙ ДИОД С
МАГНИТНОЙ ИЗОЛЯЦИЕЙ","не
действует",['Коренев Сергей\nАлександрович'],1984-04-13,1984,плазменный диод магнитной изоляцией,Сверхпроводимость и магнитные системы
11.11.1983,"ВЫСОКОВОЛЬТНЫЙ ВАКУУМНЫЙ
ДИОД","не
действует",['Коренев Сергей\nАлександрович'],1983-11-11,1983,высоковольтный вакуумный диод,Оптические и лазерные системы
11.08.1983,"ПЛАЗМЕННЫЙ ИСТОЧНИК
ЭЛЕКТРОНОВ","не
действует",['Коренев Сергей\nАлександрович'],1983-08-11,1983,плазменный источник электронов,Ускорители частиц и системы фокусировки
01.06.1983,МАГНИТНЫЙ СПЕКТРОМЕТР,"не
действует","['Дементьев Е.А.', 'Лукстиньш Юрис\nРудольфович', 'Кузнецов\nАнатолий\nАлексеевич', 'Матюшевский\nЕвгений\nАлександрович', 'Матюшин\nАлександр\nТарасович', 'Матюшин\nВалентин\nТарасович', 'Нургожин Н.Н.', 'Саитов Ирек\nСуфьянович']",1983-06-01,1983,магнитный спектрометр,Сверхпроводимость и магнитные системы
19.08.1982,ВЗРЫВОЭМИССИОННЫЙ КАТОД,"не
действует",['Коренев Сергей\nАлександрович'],1982-08-19,1982,взрывоэмиссионный катод,Оптические и лазерные системы
10.03.1982,УСКОРИТЕЛЬ ЭЛЕКТРОНОВ,"не
действует",['Коренев Сергей\nАлександрович'],1982-03-10,1982,ускоритель электронов,Ускорители частиц и системы фокусировки
08.01.1979,"СПОСОБ ПОЛУЧЕНИЯ ГОЛОГРАММ
БЕЗ ОПОРНОГО ПУЧКА","не
действует","['Игнатович\nВладимир\nКазимирович', 'Подгорецкий\nМихаил\nИосифович', 'Останевич Юрий\nМечиславович']",1979-01-08,1979,способ получения голограмм без опорного пучка,Измерительные системы и диагностика
